"acc","sample_name","num_virus_species"
"SRR24705341","AAK_33","116"
"SRR24705340","AAK_43","97"
"SRR24705229","AAK_45","100"
"SRR24705182","AAK_48","131"
"SRR24705135","AAK_49","91"
"SRR24705568","AAK_50","99"
"SRR24704993","AAK_51","99"
"SRR24704818","AAK_53","102"
"SRR24704963","AAK_55","119"
"SRR24705668","AAK_57","91"
"SRR24705339","AAK_58","97"
"SRR24705328","AAK_59","114"
"SRR24705317","AAK_60","115"
"SRR24705306","AAK_63","77"
"SRR24705295","AAK_65","85"
"SRR24705284","AAK_72","108"
"SRR24705240","AAQ_100","153"
"SRR24705228","AAQ_101","148"
"SRR24705217","AAQ_102","132"
"SRR24705622","AAQ_103","98"
"SRR24705611","AAQ_104","86"
"SRR24705600","AAQ_105","76"
"SRR24705461","AAQ_106","56"
"SRR24705450","AAQ_107","74"
"SRR24705439","AAQ_108","100"
"SRR24705204","AAQ_110","119"
"SRR24705193","AAQ_115","138"
"SRR24705437","AAQ_116","117"
"SRR24705426","AAQ_126","144"
"SRR24705273","AAQ_83","139"
"SRR24705262","AAQ_98","144"
"SRR24705251","AAQ_99","155"
"SRR24705415","BAA_11","69"
"SRR24704940","BAA_22","83"
"SRR24704929","BAA_23","153"
"SRR24704918","BAA_24","107"
"SRR24705179","BAA_25","115"
"SRR24705168","BAA_26","114"
"SRR24705157","BAA_27","67"
"SRR24705146","BAA_28","48"
"SRR24705134","BAA_29","57"
"SRR24705123","BAA_30","54"
"SRR24705400","BAA_31","59"
"SRR24705389","BAA_32","49"
"SRR24705378","BAA_34","44"
"SRR24704903","BAA_37","56"
"SRR24704892","BAA_38","40"
"SRR24704881","BAA_41","45"
"SRR24705579","BAB_21","78"
"SRR24705567","BAB_22","100"
"SRR24705556","BAB_23","103"
"SRR24705545","BAB_24","102"
"SRR24705534","BAB_25","96"
"SRR24705363","BAB_26","77"
"SRR24705352","BAB_28","51"
"SRR24705117","BAB_29","50"
"SRR24705106","BAB_30","35"
"SRR24705095","BAB_31","66"
"SRR24705004","BAB_33","59"
"SRR24704992","BAB_34","72"
"SRR24704981","BAB_37","96"
"SRR24704874","BAB_39","80"
"SRR24704863","BAB_46","75"
"SRR24705590","BAB_8","98"
"SRR24704852","BAC_11","146"
"SRR24705081","BAC_24","162"
"SRR24705070","BAC_26","185"
"SRR24705059","BAC_27","176"
"SRR24704840","BAC_29","211"
"SRR24704829","BAC_30","120"
"SRR24704817","BAC_31","47"
"SRR24704806","BAC_32","49"
"SRR24704795","BAC_33","46"
"SRR24704784","BAC_34","59"
"SRR24705045","BAC_35","54"
"SRR24705034","BAC_36","66"
"SRR24705023","BAC_40","85"
"SRR24705524","BAC_43","115"
"SRR24705513","BAC_48","103"
"SRR24705502","BAC_55","108"
"SRR24704951","BAD_20","230"
"SRR24704780","BAD_22","222"
"SRR24704769","BAD_23","223"
"SRR24704758","BAD_24","212"
"SRR24704747","BAD_25","208"
"SRR24704736","BAD_26","145"
"SRR24704725","BAD_27","95"
"SRR24705018","BAD_28","117"
"SRR24705007","BAD_29","124"
"SRR24705667","BAD_30","85"
"SRR24705496","BAD_31","137"
"SRR24705485","BAD_33","132"
"SRR24705474","BAD_37","162"
"SRR24705655","BAD_39","193"
"SRR24705644","BAD_46","174"
"SRR24704962","BAD_9","214"
"SRR24705632","BAE_19","110"
"SRR24705631","BAE_20","110"
"SRR24705630","BAE_21","124"
"SRR24705338","BAE_22","49"
"SRR24705337","BAE_23","21"
"SRR24705336","BAE_24","17"
"SRR24705335","BAE_25","17"
"SRR24705334","BAE_26","18"
"SRR24705333","BAE_27","17"
"SRR24705332","BAE_28","20"
"SRR24705331","BAE_29","36"
"SRR24705330","BAE_31","39"
"SRR24705329","BAE_35","40"
"SRR24705327","BAE_37","46"
"SRR24705326","BAE_44","51"
"SRR24705633","BAE_6","116"
"SRR24705324","BAF_21","79"
"SRR24705323","BAF_22","135"
"SRR24705322","BAF_23","113"
"SRR24705321","BAF_24","117"
"SRR24705320","BAF_25","86"
"SRR24705319","BAF_26","63"
"SRR24705318","BAF_27","61"
"SRR24705316","BAF_28","50"
"SRR24705315","BAF_29","60"
"SRR24705314","BAF_30","72"
"SRR24705313","BAF_31","74"
"SRR24705312","BAF_33","62"
"SRR24705311","BAF_38","98"
"SRR24705310","BAF_40","93"
"SRR24705309","BAF_46","84"
"SRR24705325","BAF_8","100"
"SRR24705307","BAG_21","190"
"SRR24705305","BAG_22","169"
"SRR24705304","BAG_23","199"
"SRR24705303","BAG_24","196"
"SRR24705302","BAG_25","178"
"SRR24705301","BAG_26","138"
"SRR24705300","BAG_27","76"
"SRR24705299","BAG_28","65"
"SRR24705298","BAG_29","68"
"SRR24705297","BAG_30","101"
"SRR24705296","BAG_31","118"
"SRR24705294","BAG_33","161"
"SRR24705293","BAG_37","144"
"SRR24705292","BAG_39","145"
"SRR24705291","BAG_46","171"
"SRR24705308","BAG_8","195"
"SRR24705290","BAH_14","98"
"SRR24705289","BAH_24","116"
"SRR24705288","BAH_25","61"
"SRR24705287","BAH_26","81"
"SRR24705286","BAH_27","115"
"SRR24705285","BAH_28","84"
"SRR24705283","BAH_29","96"
"SRR24705282","BAH_30","79"
"SRR24705281","BAH_31","77"
"SRR24705280","BAH_32","125"
"SRR24705279","BAH_33","83"
"SRR24705278","BAH_34","131"
"SRR24705277","BAH_36","108"
"SRR24705276","BAH_38","96"
"SRR24705275","BAH_41","114"
"SRR24705274","BAH_48","89"
"SRR24705271","BAI_21","154"
"SRR24705270","BAI_22","183"
"SRR24705269","BAI_23","182"
"SRR24705268","BAI_24","151"
"SRR24705267","BAI_25","147"
"SRR24705266","BAI_26","158"
"SRR24705265","BAI_27","155"
"SRR24705264","BAI_28","181"
"SRR24705263","BAI_29","106"
"SRR24705261","BAI_30","120"
"SRR24705260","BAI_32","154"
"SRR24705259","BAI_33","145"
"SRR24705258","BAI_36","149"
"SRR24705257","BAI_38","139"
"SRR24705256","BAI_45","152"
"SRR24705272","BAI_8","166"
"SRR24705254","BAJ_21","145"
"SRR24705253","BAJ_22","157"
"SRR24705252","BAJ_24","116"
"SRR24705250","BAJ_25","69"
"SRR24705249","BAJ_26","62"
"SRR24705248","BAJ_27","37"
"SRR24705247","BAJ_28","50"
"SRR24705246","BAJ_29","73"
"SRR24705245","BAJ_30","88"
"SRR24705244","BAJ_31","83"
"SRR24705243","BAJ_32","96"
"SRR24705242","BAJ_34","100"
"SRR24705241","BAJ_38","187"
"SRR24705239","BAJ_39","107"
"SRR24705238","BAJ_46","114"
"SRR24705255","BAJ_9","92"
"SRR24705236","BAK_19","146"
"SRR24705235","BAK_20","104"
"SRR24705234","BAK_22","166"
"SRR24705233","BAK_23","193"
"SRR24705232","BAK_24","212"
"SRR24705231","BAK_25","101"
"SRR24705230","BAK_26","106"
"SRR24705227","BAK_27","96"
"SRR24705226","BAK_28","86"
"SRR24705225","BAK_29","106"
"SRR24705224","BAK_30","87"
"SRR24705223","BAK_32","138"
"SRR24705222","BAK_36","145"
"SRR24705221","BAK_38","150"
"SRR24705220","BAK_44","141"
"SRR24705237","BAK_8","174"
"SRR24705218","BAL_21","233"
"SRR24705216","BAL_22","228"
"SRR24705215","BAL_23","231"
"SRR24705214","BAL_24","231"
"SRR24705629","BAL_25","155"
"SRR24705628","BAL_26","134"
"SRR24705627","BAL_27","70"
"SRR24705626","BAL_28","66"
"SRR24705625","BAL_29","106"
"SRR24705624","BAL_30","86"
"SRR24705623","BAL_32","167"
"SRR24705621","BAL_34","186"
"SRR24705620","BAL_37","175"
"SRR24705619","BAL_38","140"
"SRR24705618","BAL_48","161"
"SRR24705219","BAL_9","191"
"SRR24705617","BAM_10","195"
"SRR24705616","BAM_20","147"
"SRR24705615","BAM_21","186"
"SRR24705614","BAM_22","188"
"SRR24705613","BAM_23","195"
"SRR24705612","BAM_24","151"
"SRR24705610","BAM_25","197"
"SRR24705609","BAM_26","180"
"SRR24705608","BAM_27","180"
"SRR24705607","BAM_29","150"
"SRR24705606","BAM_31","148"
"SRR24705605","BAM_32","169"
"SRR24705604","BAM_33","186"
"SRR24705603","BAM_38","207"
"SRR24705602","BAM_40","164"
"SRR24705601","BAM_47","195"
"SRR24705598","BAN_19","182"
"SRR24705469","BAN_20","161"
"SRR24705468","BAN_21","139"
"SRR24705467","BAN_22","134"
"SRR24705466","BAN_23","169"
"SRR24705465","BAN_24","49"
"SRR24705464","BAN_25","63"
"SRR24705463","BAN_26","72"
"SRR24705462","BAN_28","99"
"SRR24705460","BAN_29","71"
"SRR24705459","BAN_30","77"
"SRR24705458","BAN_32","150"
"SRR24705457","BAN_37","166"
"SRR24705456","BAN_39","199"
"SRR24705455","BAN_45","171"
"SRR24705599","BAN_9","153"
"SRR24705453","BAP_21","124"
"SRR24705452","BAP_22","121"
"SRR24705451","BAP_23","120"
"SRR24705449","BAP_24","97"
"SRR24705448","BAP_25","59"
"SRR24705447","BAP_26","29"
"SRR24705446","BAP_27","53"
"SRR24705445","BAP_28","35"
"SRR24705444","BAP_29","70"
"SRR24705443","BAP_30","50"
"SRR24705442","BAP_31","71"
"SRR24705441","BAP_33","67"
"SRR24705440","BAP_36","98"
"SRR24705438","BAP_38","111"
"SRR24705213","BAP_42","80"
"SRR24705454","BAP_8","79"
"SRR29697129","CAA_15","100"
"SRR29697118","CAA_16","98"
"SRR29697107","CAA_17","99"
"SRR29697096","CAA_18","104"
"SRR29697085","CAA_19","132"
"SRR29697074","CAA_20","99"
"SRR29697063","CAA_21","114"
"SRR29697052","CAA_22","98"
"SRR29697051","CAA_23","90"
"SRR29697128","CAA_24","109"
"SRR29697127","CAA_25","101"
"SRR29697126","CAA_26","94"
"SRR29697125","CAA_27","102"
"SRR29697124","CAA_28","118"
"SRR29697123","CAA_29","99"
"SRR29697130","CAA_5","95"
"SRR29697086","CAC_18","117"
"SRR29697084","CAC_19","115"
"SRR29697083","CAC_20","119"
"SRR29697082","CAC_21","121"
"SRR29697081","CAC_22","132"
"SRR29697080","CAC_23","154"
"SRR29697079","CAC_24","151"
"SRR29697078","CAC_25","135"
"SRR29697077","CAC_26","130"
"SRR29697076","CAC_27","95"
"SRR29697075","CAC_28","94"
"SRR29697073","CAC_29","102"
"SRR29697072","CAC_30","214"
"SRR29697071","CAC_31","191"
"SRR29697070","CAC_37","128"
"SRR29697087","CAC_9","137"
"SRR29697121","CAK_18","129"
"SRR29697120","CAK_19","122"
"SRR29697119","CAK_20","142"
"SRR29697117","CAK_21","138"
"SRR29697116","CAK_22","138"
"SRR29697115","CAK_23","127"
"SRR29697114","CAK_24","130"
"SRR29697113","CAK_25","132"
"SRR29697112","CAK_26","136"
"SRR29697111","CAK_27","139"
"SRR29697110","CAK_28","102"
"SRR29697109","CAK_29","140"
"SRR29697108","CAK_30","121"
"SRR29697106","CAK_31","127"
"SRR29697105","CAK_36","142"
"SRR29697122","CAK_9","119"
"SRR29697103","CAM_18","131"
"SRR29697102","CAM_19","124"
"SRR29697101","CAM_20","103"
"SRR29697100","CAM_21","111"
"SRR29697099","CAM_22","122"
"SRR29697098","CAM_26","133"
"SRR29697097","CAM_27","137"
"SRR29697095","CAM_29","115"
"SRR29697094","CAM_30","129"
"SRR29697093","CAM_31","144"
"SRR29697092","CAM_36","143"
"SRR29697091","CAM_37","126"
"SRR29697090","CAM_38","138"
"SRR29697089","CAM_39","119"
"SRR29697088","CAM_40","102"
"SRR29697104","CAM_8","145"
"SRR29697069","CAN_10","135"
"SRR29697068","CAN_19","99"
"SRR29697067","CAN_20","126"
"SRR29697066","CAN_21","102"
"SRR29697065","CAN_22","92"
"SRR29697064","CAN_23","86"
"SRR29697062","CAN_25","104"
"SRR29697061","CAN_26","110"
"SRR29697060","CAN_27","80"
"SRR29697059","CAN_29","75"
"SRR29697058","CAN_30","83"
"SRR29697057","CAN_31","59"
"SRR29697056","CAN_36","80"
"SRR29697055","CAN_37","94"
"SRR29697054","CAN_38","88"
"SRR29697053","CAN_39","69"
"SRR24705196","DAE_104","88"
"SRR24705212","DAE_62","104"
"SRR24705211","DAE_79","135"
"SRR24705210","DAE_80","95"
"SRR24705209","DAE_81","104"
"SRR24705208","DAE_82","94"
"SRR24705207","DAE_83","102"
"SRR24705206","DAE_84","41"
"SRR24705205","DAE_85","41"
"SRR24705203","DAE_86","54"
"SRR24705202","DAE_87","76"
"SRR24705201","DAE_88","86"
"SRR24705200","DAE_89","78"
"SRR24705199","DAE_91","89"
"SRR24705198","DAE_95","80"
"SRR24705197","DAE_97","88"
"SRR24705195","DAL_72","147"
"SRR24705194","DAL_80","149"
"SRR24705192","DAL_81","129"
"SRR24705191","DAL_82","121"
"SRR24705190","DAL_83","118"
"SRR24705189","DAL_84","152"
"SRR24705188","DAL_85","162"
"SRR24705187","DAL_86","91"
"SRR24705186","DAL_87","100"
"SRR24705185","DAL_89","110"
"SRR24705184","DAL_90","148"
"SRR24705183","DAL_91","146"
"SRR24705436","DAL_92","111"
"SRR24705435","DAL_93","131"
"SRR24705434","DAL_95","138"
"SRR24705433","DAL_98","139"
"SRR24705432","DAO_60","87"
"SRR24705431","DAO_72","126"
"SRR24705430","DAO_73","100"
"SRR24705429","DAO_74","95"
"SRR24705428","DAO_75","90"
"SRR24705427","DAO_76","23"
"SRR24705425","DAO_77","25"
"SRR24705424","DAO_78","32"
"SRR24705423","DAO_79","31"
"SRR24705422","DAO_80","33"
"SRR24705421","DAO_81","49"
"SRR24705420","DAO_82","44"
"SRR24705419","DAO_84","56"
"SRR24705418","DAO_88","53"
"SRR24705417","DAO_91","45"
"SRR24705416","DAO_99","50"
"SRR24705414","DBL_54","81"
"SRR24705413","DBL_63","70"
"SRR24705412","DBL_64","78"
"SRR24705411","DBL_65","76"
"SRR24705410","DBL_66","91"
"SRR24705409","DBL_67","120"
"SRR24705408","DBL_68","55"
"SRR24705407","DBL_69","47"
"SRR24705406","DBL_71","50"
"SRR24704941","DBL_72","60"
"SRR24704939","DBL_74","79"
"SRR24704938","DBL_75","71"
"SRR24704937","DBL_76","74"
"SRR24704936","DBL_79","76"
"SRR24704935","DBL_81","88"
"SRR24704934","DBL_88","86"
"SRR24704916","DBV_101","123"
"SRR24704933","DBV_63","171"
"SRR24704932","DBV_76","132"
"SRR24704931","DBV_77","135"
"SRR24704930","DBV_78","169"
"SRR24704928","DBV_79","115"
"SRR24704927","DBV_80","105"
"SRR24704926","DBV_81","134"
"SRR24704925","DBV_82","127"
"SRR24704924","DBV_83","112"
"SRR24704923","DBV_84","70"
"SRR24704922","DBV_85","131"
"SRR24704921","DBV_87","136"
"SRR24704920","DBV_88","171"
"SRR24704919","DBV_92","119"
"SRR24704917","DBV_94","159"
"SRR24704915","EAA_33","170"
"SRR24704914","EAA_46","145"
"SRR24704913","EAA_47","167"
"SRR24704912","EAA_48","171"
"SRR24704911","EAA_50","133"
"SRR24704910","EAA_51","79"
"SRR24705181","EAA_53","113"
"SRR24705180","EAA_55","101"
"SRR24705178","EAA_56","125"
"SRR24705177","EAA_60","165"
"SRR24705176","EAA_61","152"
"SRR24705175","EAA_62","155"
"SRR24705174","EAA_63","157"
"SRR24705173","EAA_64","160"
"SRR24705172","EAA_65","155"
"SRR24705171","EAA_71","155"
"SRR24705170","EAB_38","99"
"SRR24705169","EAB_50","84"
"SRR24705167","EAB_51","89"
"SRR24705166","EAB_52","72"
"SRR24705165","EAB_53","82"
"SRR24705164","EAB_54","91"
"SRR24705163","EAB_55","57"
"SRR24705162","EAB_56","55"
"SRR24705161","EAB_57","48"
"SRR24705160","EAB_58","39"
"SRR24705159","EAB_60","49"
"SRR24705158","EAB_65","78"
"SRR24705156","EAB_66","82"
"SRR24705155","EAB_67","63"
"SRR24705154","EAB_68","89"
"SRR24705153","EAB_79","70"
"SRR24705152","EAC_33","143"
"SRR24705151","EAC_45","138"
"SRR24705150","EAC_46","144"
"SRR24705149","EAC_48","137"
"SRR24705148","EAC_49","154"
"SRR24705147","EAC_50","117"
"SRR24705145","EAC_51","63"
"SRR24705144","EAC_52","54"
"SRR24705143","EAC_53","64"
"SRR24705142","EAC_54","80"
"SRR24705141","EAC_55","62"
"SRR24705140","EAC_58","82"
"SRR24705139","EAC_59","89"
"SRR24705138","EAC_62","104"
"SRR24705137","EAC_64","91"
"SRR24705136","EAC_71","80"
"SRR24705133","EAD_33","50"
"SRR24705132","EAD_46","72"
"SRR24705131","EAD_47","67"
"SRR24705130","EAD_48","77"
"SRR24705129","EAD_49","67"
"SRR24705128","EAD_50","65"
"SRR24705127","EAD_51","45"
"SRR24705126","EAD_52","44"
"SRR24705125","EAD_53","28"
"SRR24705124","EAD_54","41"
"SRR24705122","EAD_55","61"
"SRR24705121","EAD_56","60"
"SRR24705120","EAD_58","84"
"SRR24705119","EAD_62","50"
"SRR24705118","EAD_64","54"
"SRR24705405","EAD_71","64"
"SRR24705404","EAE_33","47"
"SRR24705403","EAE_46","48"
"SRR24705402","EAE_47","52"
"SRR24705401","EAE_48","58"
"SRR24705399","EAE_49","58"
"SRR24705398","EAE_50","20"
"SRR24705397","EAE_51","24"
"SRR24705396","EAE_52","40"
"SRR24705395","EAE_53","13"
"SRR24705394","EAE_54","17"
"SRR24705393","EAE_55","20"
"SRR24705392","EAE_57","33"
"SRR24705391","EAE_58","32"
"SRR24705390","EAE_59","35"
"SRR24705388","EAE_61","44"
"SRR24705387","EAE_68","37"
"SRR24705386","EAF_33","208"
"SRR24705385","EAF_46","129"
"SRR24705384","EAF_47","136"
"SRR24705383","EAF_48","155"
"SRR24705382","EAF_49","216"
"SRR24705381","EAF_50","99"
"SRR24705380","EAF_51","143"
"SRR24705379","EAF_52","96"
"SRR24705377","EAF_53","80"
"SRR24705376","EAF_54","109"
"SRR24705375","EAF_55","106"
"SRR24705374","EAF_56","129"
"SRR24704909","EAF_58","141"
"SRR24704908","EAF_62","122"
"SRR24704907","EAF_64","207"
"SRR24704906","EAF_71","100"
"SRR24704905","EAI_33","115"
"SRR24704904","EAI_46","73"
"SRR24704902","EAI_47","74"
"SRR24704901","EAI_48","77"
"SRR24704900","EAI_49","99"
"SRR24704899","EAI_50","107"
"SRR24704898","EAI_51","95"
"SRR24704897","EAI_52","98"
"SRR24704896","EAI_53","106"
"SRR24704895","EAI_54","99"
"SRR24704894","EAI_55","91"
"SRR24704893","EAI_56","99"
"SRR24704891","EAI_58","97"
"SRR24704890","EAI_62","99"
"SRR24704889","EAI_64","102"
"SRR24704888","EAI_71","98"
"SRR24704887","EAL_36","201"
"SRR24704886","EAL_51","154"
"SRR24704885","EAL_52","197"
"SRR24704884","EAL_53","197"
"SRR24704883","EAL_54","213"
"SRR24704882","EAL_55","216"
"SRR24704880","EAL_56","158"
"SRR24704879","EAL_57","101"
"SRR24704878","EAL_58","88"
"SRR24705597","EAL_59","117"
"SRR24705596","EAL_60","143"
"SRR24705595","EAL_61","141"
"SRR24705594","EAL_63","147"
"SRR24705593","EAL_66","133"
"SRR24705592","EAL_67","175"
"SRR24705591","EAL_74","169"
"SRR24705589","EAN_33","139"
"SRR24705588","EAN_46","142"
"SRR24705587","EAN_47","123"
"SRR24705586","EAN_48","126"
"SRR24705585","EAN_49","130"
"SRR24705584","EAN_50","97"
"SRR24705583","EAN_51","72"
"SRR24705582","EAN_52","94"
"SRR24705581","EAN_54","80"
"SRR24705580","EAN_55","77"
"SRR24705578","EAN_58","92"
"SRR24705577","EAN_59","84"
"SRR24705576","EAN_60","87"
"SRR24705575","EAN_62","107"
"SRR24705574","EAN_64","84"
"SRR24705573","EAN_71","110"
"SRR24705572","EAO_42","184"
"SRR24705571","EAO_54","166"
"SRR24705570","EAO_55","217"
"SRR24705569","EAO_59","109"
"SRR24705566","EAO_60","161"
"SRR24705565","EAO_62","67"
"SRR24705564","EAO_64","156"
"SRR24705563","EAO_65","157"
"SRR24705562","EAO_66","215"
"SRR24705561","EAO_67","182"
"SRR24705560","EAO_68","218"
"SRR24705559","EAO_69","221"
"SRR24705558","EAO_70","177"
"SRR24705557","EAO_71","315"
"SRR24705555","EAO_73","248"
"SRR24705554","EAO_74","254"
"SRR24705553","EAP_45","132"
"SRR24705552","EAP_59","124"
"SRR24705551","EAP_60","137"
"SRR24705550","EAP_61","129"
"SRR24705549","EAP_62","129"
"SRR24705548","EAP_63","125"
"SRR24705547","EAP_64","57"
"SRR24705546","EAP_65","49"
"SRR24705544","EAP_66","60"
"SRR24705543","EAP_67","49"
"SRR24705542","EAP_68","88"
"SRR24705541","EAP_69","100"
"SRR24705540","EAP_71","107"
"SRR24705539","EAP_75","131"
"SRR24705538","EAP_77","135"
"SRR24705537","EAP_84","101"
"SRR24705536","EAQ_33","108"
"SRR24705535","EAQ_46","78"
"SRR24705373","EAQ_47","74"
"SRR24705372","EAQ_48","82"
"SRR24705371","EAQ_49","91"
"SRR24705370","EAQ_50","72"
"SRR24705369","EAQ_51","80"
"SRR24705368","EAQ_52","64"
"SRR24705367","EAQ_53","59"
"SRR24705366","EAQ_54","76"
"SRR24705365","EAQ_56","58"
"SRR24705364","EAQ_57","81"
"SRR24705362","EAQ_58","86"
"SRR24705361","EAQ_63","93"
"SRR24705360","EAQ_65","89"
"SRR24705359","EAQ_72","84"
"SRR24705358","EAR_43","189"
"SRR24705357","EAR_51","135"
"SRR24705356","EAR_52","131"
"SRR24705355","EAR_53","144"
"SRR24705354","EAR_54","189"
"SRR24705353","EAR_55","159"
"SRR24705351","EAR_56","94"
"SRR24705350","EAR_57","100"
"SRR24705349","EAR_58","120"
"SRR24705348","EAR_59","93"
"SRR24705347","EAR_60","126"
"SRR24705346","EAR_62","160"
"SRR24705345","EAR_63","191"
"SRR24705344","EAR_66","122"
"SRR24705343","EAR_67","152"
"SRR24705342","EAR_72","185"
"SRR24705116","EAS_25","150"
"SRR24705115","EAS_37","150"
"SRR24705114","EAS_38","141"
"SRR24705113","EAS_39","148"
"SRR24705112","EAS_40","48"
"SRR24705111","EAS_41","194"
"SRR24705110","EAS_42","116"
"SRR24705109","EAS_43","110"
"SRR24705108","EAS_44","132"
"SRR24705107","EAS_45","181"
"SRR24705105","EAS_46","105"
"SRR24705104","EAS_47","150"
"SRR24705103","EAS_48","164"
"SRR24705102","EAS_49","163"
"SRR24705101","EAS_50","175"
"SRR24705100","EAS_56","157"
"SRR24705099","EAT_38","129"
"SRR24705098","EAT_48","109"
"SRR24705097","EAT_49","101"
"SRR24705096","EAT_50","114"
"SRR24705094","EAT_51","43"
"SRR24705093","EAT_52","62"
"SRR24705092","EAT_53","52"
"SRR24705091","EAT_54","48"
"SRR24705090","EAT_55","46"
"SRR24705089","EAT_56","34"
"SRR24705088","EAT_57","56"
"SRR24705087","EAT_58","55"
"SRR24705086","EAT_60","50"
"SRR24705005","EAT_65","80"
"SRR24705003","EAT_68","78"
"SRR24705002","EAT_75","87"
"SRR24705001","EAU_34","62"
"SRR24705000","EAU_46","53"
"SRR24704999","EAU_47","62"
"SRR24704998","EAU_48","57"
"SRR24704997","EAU_49","51"
"SRR24704996","EAU_50","43"
"SRR24704995","EAU_51","46"
"SRR24704994","EAU_52","46"
"SRR24704991","EAU_53","56"
"SRR24704990","EAU_54","57"
"SRR24704989","EAU_55","56"
"SRR24704988","EAU_56","60"
"SRR24704987","EAU_58","47"
"SRR24704986","EAU_59","57"
"SRR24704985","EAU_60","61"
"SRR24704984","EAU_67","58"
"SRR24704983","EAV_34","108"
"SRR24704982","EAV_47","135"
"SRR24704980","EAV_48","136"
"SRR24704979","EAV_49","130"
"SRR24704978","EAV_50","122"
"SRR24704977","EAV_51","120"
"SRR24704976","EAV_52","132"
"SRR24704975","EAV_54","92"
"SRR24704974","EAV_57","112"
"SRR24704877","EAV_62","144"
"SRR24704876","EAV_64","116"
"SRR24704875","EAV_65","112"
"SRR24704873","EAV_66","119"
"SRR24704872","EAV_68","112"
"SRR24704871","EAV_69","131"
"SRR24704870","EAV_72","115"
"SRR24704869","EAW_38","189"
"SRR24704868","EAW_50","233"
"SRR24704867","EAW_51","229"
"SRR24704866","EAW_52","229"
"SRR24704865","EAW_53","210"
"SRR24704864","EAW_54","205"
"SRR24704862","EAW_55","113"
"SRR24704861","EAW_56","92"
"SRR24704860","EAW_57","85"
"SRR24704859","EAW_58","87"
"SRR24704858","EAW_59","161"
"SRR24704857","EAW_60","137"
"SRR24704856","EAW_62","144"
"SRR24704855","EAW_66","193"
"SRR24704854","EAW_68","335"
"SRR24704853","EAW_75","214"
"SRR24704851","EAX_37","81"
"SRR24704850","EAX_50","97"
"SRR24704849","EAX_51","97"
"SRR24704848","EAX_52","105"
"SRR24704847","EAX_53","90"
"SRR24704846","EAX_54","80"
"SRR24705085","EAX_55","56"
"SRR24705084","EAX_56","56"
"SRR24705083","EAX_57","60"
"SRR24705082","EAX_58","45"
"SRR24705080","EAX_59","52"
"SRR24705079","EAX_60","61"
"SRR24705078","EAX_62","57"
"SRR24705077","EAX_66","59"
"SRR24705076","EAX_68","68"
"SRR24705075","EAX_71","71"
"SRR24705074","EAY_36","183"
"SRR24705073","EAY_49","192"
"SRR24705072","EAY_50","192"
"SRR24705071","EAY_51","203"
"SRR24705069","EAY_52","177"
"SRR24705068","EAY_53","142"
"SRR24705067","EAY_54","148"
"SRR24705066","EAY_55","180"
"SRR24705065","EAY_56","173"
"SRR24705064","EAY_57","152"
"SRR24705063","EAY_58","151"
"SRR24705062","EAY_59","147"
"SRR24705061","EAY_61","171"
"SRR24705060","EAY_65","194"
"SRR24705058","EAY_67","173"
"SRR24705057","EAY_74","155"
"SRR24705056","EAZ_33","103"
"SRR24705055","EAZ_45","134"
"SRR24705054","EAZ_46","132"
"SRR24704845","EAZ_47","120"
"SRR24704844","EAZ_48","135"
"SRR24704843","EAZ_49","144"
"SRR24704842","EAZ_50","120"
"SRR24704841","EAZ_51","84"
"SRR24704839","EAZ_52","87"
"SRR24704838","EAZ_53","94"
"SRR24704837","EAZ_54","72"
"SRR24704836","EAZ_55","88"
"SRR24704835","EAZ_56","88"
"SRR24704834","EAZ_58","130"
"SRR24704833","EAZ_59","119"
"SRR24704832","EAZ_66","92"
"SRR24704831","EBC_35","103"
"SRR24704830","EBC_48","120"
"SRR24704828","EBC_49","96"
"SRR24704827","EBC_50","115"
"SRR24704826","EBC_51","151"
"SRR24704825","EBC_52","124"
"SRR24704824","EBC_53","109"
"SRR24704823","EBC_54","69"
"SRR24704822","EBC_55","66"
"SRR24704821","EBC_56","63"
"SRR24704820","EBC_57","74"
"SRR24704819","EBC_58","82"
"SRR24704816","EBC_60","92"
"SRR24704815","EBC_64","111"
"SRR24704814","EBC_65","119"
"SRR24704813","EBC_72","119"
"SRR24704812","EBD_36","132"
"SRR24704811","EBD_48","165"
"SRR24704810","EBD_49","172"
"SRR24704809","EBD_50","180"
"SRR24704808","EBD_51","129"
"SRR24704807","EBD_52","40"
"SRR24704805","EBD_53","58"
"SRR24704804","EBD_54","52"
"SRR24704803","EBD_55","42"
"SRR24704802","EBD_56","50"
"SRR24704801","EBD_57","71"
"SRR24704800","EBD_59","75"
"SRR24704799","EBD_60","136"
"SRR24704798","EBD_64","162"
"SRR24704797","EBD_66","161"
"SRR24704796","EBD_73","168"
"SRR24704794","EBE_37","143"
"SRR24704793","EBE_48","203"
"SRR24704792","EBE_49","202"
"SRR24704791","EBE_50","189"
"SRR24704790","EBE_51","196"
"SRR24704789","EBE_52","137"
"SRR24704788","EBE_53","31"
"SRR24704787","EBE_54","39"
"SRR24704786","EBE_55","47"
"SRR24704785","EBE_56","50"
"SRR24704783","EBE_57","54"
"SRR24704782","EBE_58","77"
"SRR24705053","EBE_60","78"
"SRR24705052","EBE_64","105"
"SRR24705051","EBE_66","119"
"SRR24705050","EBE_73","137"
"SRR24705049","EBF_41","103"
"SRR24705048","EBF_53","95"
"SRR24705047","EBF_54","112"
"SRR24705046","EBF_55","93"
"SRR24705044","EBF_56","100"
"SRR24705043","EBF_57","49"
"SRR24705042","EBF_58","34"
"SRR24705041","EBF_59","38"
"SRR24705040","EBF_60","30"
"SRR24705039","EBF_61","33"
"SRR24705038","EBF_62","41"
"SRR24705037","EBF_63","41"
"SRR24705036","EBF_65","75"
"SRR24705035","EBF_69","57"
"SRR24705033","EBF_71","84"
"SRR24705032","EBF_78","88"
"SRR24705031","EBG_41","180"
"SRR24705030","EBG_53","167"
"SRR24705029","EBG_54","182"
"SRR24705028","EBG_55","164"
"SRR24705027","EBG_56","166"
"SRR24705026","EBG_57","187"
"SRR24705025","EBG_58","114"
"SRR24705024","EBG_59","56"
"SRR24705022","EBG_60","71"
"SRR24705533","EBG_61","62"
"SRR24705532","EBG_62","78"
"SRR24705531","EBG_63","100"
"SRR24705530","EBG_65","72"
"SRR24705529","EBG_69","127"
"SRR24705528","EBG_71","106"
"SRR24705527","EBG_78","153"
"SRR24705526","EBI_33","214"
"SRR24705525","EBI_46","200"
"SRR24705523","EBI_47","196"
"SRR24705522","EBI_48","167"
"SRR24705521","EBI_49","193"
"SRR24705520","EBI_50","195"
"SRR24705519","EBI_51","136"
"SRR24705518","EBI_52","90"
"SRR24705517","EBI_53","117"
"SRR24705516","EBI_54","129"
"SRR24705515","EBI_55","142"
"SRR24705514","EBI_56","157"
"SRR24705512","EBI_58","115"
"SRR24705511","EBI_62","158"
"SRR24705510","EBI_64","142"
"SRR24705509","EBI_71","168"
"SRR24705508","EBL_31","222"
"SRR24705507","EBL_45","172"
"SRR24705506","EBL_46","210"
"SRR24705505","EBL_47","198"
"SRR24705504","EBL_48","187"
"SRR24705503","EBL_49","176"
"SRR24704973","EBL_50","55"
"SRR24704972","EBL_51","66"
"SRR24704971","EBL_52","46"
"SRR24704970","EBL_53","61"
"SRR24704969","EBL_54","55"
"SRR24704968","EBL_55","98"
"SRR24704967","EBL_57","135"
"SRR24704966","EBL_61","172"
"SRR24704965","EBL_63","175"
"SRR24704964","EBL_70","155"
"SRR24704961","EBN_34","137"
"SRR24704960","EBN_46","131"
"SRR24704959","EBN_47","125"
"SRR24704958","EBN_48","109"
"SRR24704957","EBN_49","122"
"SRR24704956","EBN_50","80"
"SRR24704955","EBN_51","60"
"SRR24704954","EBN_52","56"
"SRR24704953","EBN_53","68"
"SRR24704952","EBN_54","73"
"SRR24704950","EBN_55","61"
"SRR24704949","EBN_56","63"
"SRR24704948","EBN_58","121"
"SRR24704947","EBN_63","113"
"SRR24704946","EBN_65","112"
"SRR24704945","EBN_72","101"
"SRR24704944","EBO_34","219"
"SRR24704943","EBO_48","180"
"SRR24704942","EBO_49","171"
"SRR24704778","EBO_52","179"
"SRR24704777","EBO_53","161"
"SRR24704776","EBO_54","128"
"SRR24704779","EBO_55","182"
"SRR24704774","EBO_56","179"
"SRR24704773","EBO_57","123"
"SRR24704772","EBO_58","185"
"SRR24704771","EBO_60","170"
"SRR24704770","EBO_63","155"
"SRR24704768","EBO_64","171"
"SRR24704767","EBO_71","182"
"SRR24704775","EBO_75","168"
"SRR24704781","EBO_76","148"
"SRR24704766","EBP_33","219"
"SRR24704765","EBP_46","200"
"SRR24704764","EBP_47","251"
"SRR24704763","EBP_48","242"
"SRR24704762","EBP_50","249"
"SRR24704761","EBP_51","202"
"SRR24704760","EBP_52","190"
"SRR24704759","EBP_53","153"
"SRR24704757","EBP_54","150"
"SRR24704756","EBP_55","121"
"SRR24704755","EBP_56","140"
"SRR24704754","EBP_58","189"
"SRR24704753","EBP_59","184"
"SRR24704752","EBP_62","193"
"SRR24704751","EBP_64","208"
"SRR24704750","EBP_71","204"
"SRR24704749","EBQ_36","102"
"SRR24704748","EBQ_49","137"
"SRR24704746","EBQ_50","105"
"SRR24704745","EBQ_51","106"
"SRR24704744","EBQ_52","109"
"SRR24704743","EBQ_53","91"
"SRR24704742","EBQ_54","35"
"SRR24704741","EBQ_55","34"
"SRR24704740","EBQ_56","39"
"SRR24704739","EBQ_57","51"
"SRR24704738","EBQ_58","96"
"SRR24704737","EBQ_59","57"
"SRR24704735","EBQ_61","67"
"SRR24704734","EBQ_64","85"
"SRR24704733","EBQ_66","90"
"SRR24704732","EBQ_73","54"
"SRR24704731","EBR_33","181"
"SRR24704730","EBR_46","161"
"SRR24704729","EBR_47","141"
"SRR24704728","EBR_48","136"
"SRR24704727","EBR_49","151"
"SRR24704726","EBR_51","161"
"SRR24704724","EBR_52","150"
"SRR24704723","EBR_53","169"
"SRR24704722","EBR_54","136"
"SRR24704721","EBR_55","104"
"SRR24704720","EBR_56","102"
"SRR24704719","EBR_58","77"
"SRR24704718","EBR_59","115"
"SRR24705021","EBR_62","187"
"SRR24705020","EBR_64","130"
"SRR24705019","EBR_71","134"
"SRR24705017","EBT_33","190"
"SRR24705016","EBT_46","187"
"SRR24705015","EBT_47","207"
"SRR24705014","EBT_48","172"
"SRR24705013","EBT_49","204"
"SRR24705012","EBT_50","146"
"SRR24705011","EBT_51","79"
"SRR24705010","EBT_52","62"
"SRR24705009","EBT_53","55"
"SRR24705008","EBT_54","101"
"SRR24705006","EBT_55","117"
"SRR24705677","EBT_56","112"
"SRR24705676","EBT_58","96"
"SRR24705675","EBT_62","221"
"SRR24705674","EBT_64","190"
"SRR24705673","EBT_71","140"
"SRR24705672","EBU_33","131"
"SRR24705671","EBU_46","141"
"SRR24705670","EBU_47","126"
"SRR24705669","EBU_48","147"
"SRR24705666","EBU_49","121"
"SRR24705665","EBU_50","130"
"SRR24705664","EBU_51","100"
"SRR24705663","EBU_52","109"
"SRR24705662","EBU_53","116"
"SRR24705501","EBU_54","97"
"SRR24705500","EBU_55","118"
"SRR24705499","EBU_56","124"
"SRR24705498","EBU_58","110"
"SRR24705497","EBU_61","135"
"SRR24705495","EBU_64","110"
"SRR24705494","EBU_71","163"
"SRR24705493","EBW_60","88"
"SRR24705492","EBW_73","151"
"SRR24705491","EBW_74","149"
"SRR24705490","EBW_75","117"
"SRR24705489","EBW_76","219"
"SRR24705488","EBW_77","75"
"SRR24705487","EBW_78","56"
"SRR24705486","EBW_79","36"
"SRR24705484","EBW_80","179"
"SRR24705483","EBW_81","48"
"SRR24705482","EBW_82","156"
"SRR24705481","EBW_83","60"
"SRR24705480","EBW_85","74"
"SRR24705479","EBW_88","84"
"SRR24705478","EBW_90","83"
"SRR24705477","EBW_97","135"
"SRR24705476","EBX_30","158"
"SRR24705475","EBX_47","239"
"SRR24705473","EBX_48","196"
"SRR24705472","EBX_49","187"
"SRR24705471","EBX_50","160"
"SRR24705470","EBX_51","180"
"SRR24705661","EBX_52","136"
"SRR24705660","EBX_53","131"
"SRR24705659","EBX_54","95"
"SRR24705658","EBX_55","144"
"SRR24705657","EBX_56","98"
"SRR24705656","EBX_57","81"
"SRR24705654","EBX_59","114"
"SRR24705653","EBX_63","166"
"SRR24705652","EBX_64","159"
"SRR24705651","EBX_70","140"
"SRR24705650","EBZ_33","175"
"SRR24705649","EBZ_46","222"
"SRR24705648","EBZ_47","177"
"SRR24705647","EBZ_48","155"
"SRR24705646","EBZ_49","166"
"SRR24705645","EBZ_50","156"
"SRR24705643","EBZ_51","152"
"SRR24705642","EBZ_52","149"
"SRR24705641","EBZ_53","159"
"SRR24705640","EBZ_54","169"
"SRR24705639","EBZ_55","149"
"SRR24705638","EBZ_56","167"
"SRR24705637","EBZ_58","140"
"SRR24705636","EBZ_62","220"
"SRR24705635","EBZ_64","142"
"SRR24705634","EBZ_71","149"
