"acc","sample_name","name","pct"
"SRR24705341","AAK_33","Viruses","1.06"
"SRR24705341","AAK_33","cellular organisms","98.94"
"SRR24705340","AAK_43","Viruses","0.81"
"SRR24705340","AAK_43","cellular organisms","99.19"
"SRR24705229","AAK_45","Viruses","1.14"
"SRR24705229","AAK_45","cellular organisms","98.86"
"SRR24705182","AAK_48","Viruses","1.02"
"SRR24705182","AAK_48","cellular organisms","98.98"
"SRR24705135","AAK_49","Viruses","1.0"
"SRR24705135","AAK_49","cellular organisms","99.0"
"SRR24705568","AAK_50","Viruses","0.94"
"SRR24705568","AAK_50","cellular organisms","99.06"
"SRR24704993","AAK_51","Viruses","0.9"
"SRR24704993","AAK_51","cellular organisms","99.1"
"SRR24704818","AAK_53","Viruses","0.96"
"SRR24704818","AAK_53","cellular organisms","99.04"
"SRR24704963","AAK_55","Viruses","0.88"
"SRR24704963","AAK_55","cellular organisms","99.12"
"SRR24705668","AAK_57","Viruses","1.52"
"SRR24705668","AAK_57","cellular organisms","98.48"
"SRR24705339","AAK_58","Viruses","2.61"
"SRR24705339","AAK_58","cellular organisms","97.39"
"SRR24705328","AAK_59","Viruses","2.18"
"SRR24705328","AAK_59","cellular organisms","97.82"
"SRR24705317","AAK_60","Viruses","1.28"
"SRR24705317","AAK_60","cellular organisms","98.72"
"SRR24705306","AAK_63","Viruses","0.9"
"SRR24705306","AAK_63","cellular organisms","99.1"
"SRR24705295","AAK_65","Viruses","0.92"
"SRR24705295","AAK_65","cellular organisms","99.08"
"SRR24705284","AAK_72","Viruses","0.81"
"SRR24705284","AAK_72","cellular organisms","99.19"
"SRR24705240","AAQ_100","Viruses","2.57"
"SRR24705240","AAQ_100","cellular organisms","97.43"
"SRR24705228","AAQ_101","Viruses","2.1"
"SRR24705228","AAQ_101","cellular organisms","97.9"
"SRR24705217","AAQ_102","Viruses","1.88"
"SRR24705217","AAQ_102","cellular organisms","98.12"
"SRR24705622","AAQ_103","Viruses","0.92"
"SRR24705622","AAQ_103","cellular organisms","99.08"
"SRR24705611","AAQ_104","Viruses","1.28"
"SRR24705611","AAQ_104","cellular organisms","98.72"
"SRR24705600","AAQ_105","Viruses","8.38"
"SRR24705600","AAQ_105","cellular organisms","91.62"
"SRR24705461","AAQ_106","Viruses","1.58"
"SRR24705461","AAQ_106","cellular organisms","98.42"
"SRR24705450","AAQ_107","Viruses","1.32"
"SRR24705450","AAQ_107","cellular organisms","98.68"
"SRR24705439","AAQ_108","Viruses","1.31"
"SRR24705439","AAQ_108","cellular organisms","98.69"
"SRR24705204","AAQ_110","Viruses","1.82"
"SRR24705204","AAQ_110","cellular organisms","98.18"
"SRR24705193","AAQ_115","Viruses","1.88"
"SRR24705193","AAQ_115","cellular organisms","98.12"
"SRR24705437","AAQ_116","Viruses","1.83"
"SRR24705437","AAQ_116","cellular organisms","98.17"
"SRR24705426","AAQ_126","Viruses","2.65"
"SRR24705426","AAQ_126","cellular organisms","97.35"
"SRR24705273","AAQ_83","Viruses","3.13"
"SRR24705273","AAQ_83","cellular organisms","96.87"
"SRR24705262","AAQ_98","Viruses","2.56"
"SRR24705262","AAQ_98","cellular organisms","97.44"
"SRR24705251","AAQ_99","Viruses","2.16"
"SRR24705251","AAQ_99","cellular organisms","97.84"
"SRR24705415","BAA_11","Viruses","0.77"
"SRR24705415","BAA_11","cellular organisms","99.23"
"SRR24704940","BAA_22","Viruses","0.47"
"SRR24704940","BAA_22","cellular organisms","99.53"
"SRR24704929","BAA_23","Viruses","0.29"
"SRR24704929","BAA_23","cellular organisms","99.71"
"SRR24704918","BAA_24","Viruses","0.51"
"SRR24704918","BAA_24","cellular organisms","99.49"
"SRR24705179","BAA_25","Viruses","0.22"
"SRR24705179","BAA_25","cellular organisms","99.78"
"SRR24705168","BAA_26","Viruses","0.28"
"SRR24705168","BAA_26","cellular organisms","99.72"
"SRR24705157","BAA_27","Viruses","0.3"
"SRR24705157","BAA_27","cellular organisms","99.7"
"SRR24705146","BAA_28","Viruses","0.3"
"SRR24705146","BAA_28","cellular organisms","99.7"
"SRR24705134","BAA_29","Viruses","0.25"
"SRR24705134","BAA_29","cellular organisms","99.75"
"SRR24705123","BAA_30","Viruses","0.26"
"SRR24705123","BAA_30","cellular organisms","99.74"
"SRR24705400","BAA_31","Viruses","0.21"
"SRR24705400","BAA_31","cellular organisms","99.79"
"SRR24705389","BAA_32","Viruses","0.29"
"SRR24705389","BAA_32","cellular organisms","99.71"
"SRR24705378","BAA_34","Viruses","0.23"
"SRR24705378","BAA_34","cellular organisms","99.77"
"SRR24704903","BAA_37","Viruses","0.53"
"SRR24704903","BAA_37","cellular organisms","99.47"
"SRR24704892","BAA_38","Viruses","0.1"
"SRR24704892","BAA_38","cellular organisms","99.9"
"SRR24704881","BAA_41","Viruses","0.66"
"SRR24704881","BAA_41","cellular organisms","99.34"
"SRR24705579","BAB_21","Viruses","1.39"
"SRR24705579","BAB_21","cellular organisms","98.61"
"SRR24705567","BAB_22","Viruses","1.33"
"SRR24705567","BAB_22","cellular organisms","98.67"
"SRR24705556","BAB_23","Viruses","1.94"
"SRR24705556","BAB_23","cellular organisms","98.06"
"SRR24705545","BAB_24","Viruses","1.66"
"SRR24705545","BAB_24","cellular organisms","98.34"
"SRR24705534","BAB_25","Viruses","2.38"
"SRR24705534","BAB_25","cellular organisms","97.62"
"SRR24705363","BAB_26","Viruses","0.5"
"SRR24705363","BAB_26","cellular organisms","99.5"
"SRR24705352","BAB_28","Viruses","3.75"
"SRR24705352","BAB_28","cellular organisms","96.25"
"SRR24705117","BAB_29","Viruses","2.97"
"SRR24705117","BAB_29","cellular organisms","97.03"
"SRR24705106","BAB_30","Viruses","5.46"
"SRR24705106","BAB_30","cellular organisms","94.54"
"SRR24705095","BAB_31","Viruses","2.34"
"SRR24705095","BAB_31","cellular organisms","97.66"
"SRR24705004","BAB_33","Viruses","1.72"
"SRR24705004","BAB_33","cellular organisms","98.28"
"SRR24704992","BAB_34","Viruses","1.36"
"SRR24704992","BAB_34","cellular organisms","98.64"
"SRR24704981","BAB_37","Viruses","0.8"
"SRR24704981","BAB_37","cellular organisms","99.2"
"SRR24704874","BAB_39","Viruses","0.99"
"SRR24704874","BAB_39","cellular organisms","99.01"
"SRR24704863","BAB_46","Viruses","1.17"
"SRR24704863","BAB_46","cellular organisms","98.83"
"SRR24705590","BAB_8","Viruses","1.14"
"SRR24705590","BAB_8","cellular organisms","98.86"
"SRR24704852","BAC_11","Viruses","2.38"
"SRR24704852","BAC_11","cellular organisms","97.62"
"SRR24705081","BAC_24","Viruses","1.47"
"SRR24705081","BAC_24","cellular organisms","98.53"
"SRR24705070","BAC_26","Viruses","1.74"
"SRR24705070","BAC_26","cellular organisms","98.26"
"SRR24705059","BAC_27","Viruses","1.49"
"SRR24705059","BAC_27","cellular organisms","98.51"
"SRR24704840","BAC_29","Viruses","1.54"
"SRR24704840","BAC_29","cellular organisms","98.46"
"SRR24704829","BAC_30","Viruses","0.73"
"SRR24704829","BAC_30","cellular organisms","99.27"
"SRR24704817","BAC_31","Viruses","0.56"
"SRR24704817","BAC_31","cellular organisms","99.44"
"SRR24704806","BAC_32","Viruses","2.01"
"SRR24704806","BAC_32","cellular organisms","97.99"
"SRR24704795","BAC_33","Viruses","2.52"
"SRR24704795","BAC_33","cellular organisms","97.48"
"SRR24704784","BAC_34","Viruses","2.56"
"SRR24704784","BAC_34","cellular organisms","97.44"
"SRR24705045","BAC_35","Viruses","3.35"
"SRR24705045","BAC_35","cellular organisms","96.65"
"SRR24705034","BAC_36","Viruses","5.68"
"SRR24705034","BAC_36","cellular organisms","94.32"
"SRR24705023","BAC_40","Viruses","1.34"
"SRR24705023","BAC_40","cellular organisms","98.66"
"SRR24705524","BAC_43","Viruses","1.19"
"SRR24705524","BAC_43","cellular organisms","98.81"
"SRR24705513","BAC_48","Viruses","0.98"
"SRR24705513","BAC_48","cellular organisms","99.02"
"SRR24705502","BAC_55","Viruses","1.0"
"SRR24705502","BAC_55","cellular organisms","99.0"
"SRR24704951","BAD_20","Viruses","1.78"
"SRR24704951","BAD_20","cellular organisms","98.22"
"SRR24704780","BAD_22","Viruses","1.84"
"SRR24704780","BAD_22","cellular organisms","98.16"
"SRR24704769","BAD_23","Viruses","1.81"
"SRR24704769","BAD_23","cellular organisms","98.19"
"SRR24704758","BAD_24","Viruses","2.11"
"SRR24704758","BAD_24","cellular organisms","97.89"
"SRR24704747","BAD_25","Viruses","2.03"
"SRR24704747","BAD_25","cellular organisms","97.97"
"SRR24704736","BAD_26","Viruses","0.83"
"SRR24704736","BAD_26","cellular organisms","99.17"
"SRR24704725","BAD_27","Viruses","0.53"
"SRR24704725","BAD_27","cellular organisms","99.47"
"SRR24705018","BAD_28","Viruses","0.52"
"SRR24705018","BAD_28","cellular organisms","99.48"
"SRR24705007","BAD_29","Viruses","0.62"
"SRR24705007","BAD_29","cellular organisms","99.38"
"SRR24705667","BAD_30","Viruses","0.89"
"SRR24705667","BAD_30","cellular organisms","99.11"
"SRR24705496","BAD_31","Viruses","1.38"
"SRR24705496","BAD_31","cellular organisms","98.62"
"SRR24705485","BAD_33","Viruses","1.26"
"SRR24705485","BAD_33","cellular organisms","98.74"
"SRR24705474","BAD_37","Viruses","1.87"
"SRR24705474","BAD_37","cellular organisms","98.13"
"SRR24705655","BAD_39","Viruses","2.42"
"SRR24705655","BAD_39","cellular organisms","97.58"
"SRR24705644","BAD_46","Viruses","2.3"
"SRR24705644","BAD_46","cellular organisms","97.7"
"SRR24704962","BAD_9","Viruses","2.04"
"SRR24704962","BAD_9","cellular organisms","97.96"
"SRR24705632","BAE_19","Viruses","1.47"
"SRR24705632","BAE_19","cellular organisms","98.53"
"SRR24705631","BAE_20","Viruses","3.07"
"SRR24705631","BAE_20","cellular organisms","96.93"
"SRR24705630","BAE_21","Viruses","2.1"
"SRR24705630","BAE_21","cellular organisms","97.9"
"SRR24705338","BAE_22","Viruses","0.14"
"SRR24705338","BAE_22","cellular organisms","99.86"
"SRR24705337","BAE_23","Viruses","0.65"
"SRR24705337","BAE_23","cellular organisms","99.35"
"SRR24705336","BAE_24","Viruses","0.47"
"SRR24705336","BAE_24","cellular organisms","99.53"
"SRR24705335","BAE_25","Viruses","0.3"
"SRR24705335","BAE_25","cellular organisms","99.7"
"SRR24705334","BAE_26","Viruses","0.24"
"SRR24705334","BAE_26","cellular organisms","99.76"
"SRR24705333","BAE_27","Viruses","0.65"
"SRR24705333","BAE_27","cellular organisms","99.35"
"SRR24705332","BAE_28","Viruses","5.21"
"SRR24705332","BAE_28","cellular organisms","94.79"
"SRR24705331","BAE_29","Viruses","3.8"
"SRR24705331","BAE_29","cellular organisms","96.2"
"SRR24705330","BAE_31","Viruses","4.21"
"SRR24705330","BAE_31","cellular organisms","95.79"
"SRR24705329","BAE_35","Viruses","1.09"
"SRR24705329","BAE_35","cellular organisms","98.91"
"SRR24705327","BAE_37","Viruses","1.01"
"SRR24705327","BAE_37","cellular organisms","98.99"
"SRR24705326","BAE_44","Viruses","0.64"
"SRR24705326","BAE_44","cellular organisms","99.36"
"SRR24705633","BAE_6","Viruses","0.83"
"SRR24705633","BAE_6","cellular organisms","99.17"
"SRR24705324","BAF_21","Viruses","2.11"
"SRR29697443","BAF_21","cellular organisms","100.0"
"SRR24705323","BAF_22","Viruses","3.13"
"SRR24705323","BAF_22","cellular organisms","96.87"
"SRR24705322","BAF_23","Viruses","3.38"
"SRR24705322","BAF_23","cellular organisms","96.62"
"SRR24705321","BAF_24","Viruses","1.39"
"SRR24705321","BAF_24","cellular organisms","98.61"
"SRR24705320","BAF_25","Viruses","2.95"
"SRR29697578","BAF_25","cellular organisms","100.0"
"SRR24705319","BAF_26","Viruses","1.59"
"SRR24705319","BAF_26","cellular organisms","98.41"
"SRR24705318","BAF_27","Viruses","0.91"
"SRR24705318","BAF_27","cellular organisms","99.09"
"SRR24705316","BAF_28","Viruses","0.97"
"SRR24705316","BAF_28","cellular organisms","99.03"
"SRR24705315","BAF_29","Viruses","1.9"
"SRR24705315","BAF_29","cellular organisms","98.1"
"SRR24705314","BAF_30","Viruses","1.21"
"SRR24705314","BAF_30","cellular organisms","98.79"
"SRR24705313","BAF_31","Viruses","1.86"
"SRR24705313","BAF_31","cellular organisms","98.14"
"SRR24705312","BAF_33","Viruses","2.88"
"SRR29697587","BAF_33","cellular organisms","100.0"
"SRR24705311","BAF_38","Viruses","5.88"
"SRR24705311","BAF_38","cellular organisms","94.12"
"SRR24705310","BAF_40","Viruses","3.19"
"SRR24705310","BAF_40","cellular organisms","96.81"
"SRR24705309","BAF_46","Viruses","3.54"
"SRR29697410","BAF_46","cellular organisms","100.0"
"SRR24705325","BAF_8","Viruses","2.16"
"SRR24705325","BAF_8","cellular organisms","97.84"
"SRR24705307","BAG_21","Viruses","1.18"
"SRR24705307","BAG_21","cellular organisms","98.82"
"SRR24705305","BAG_22","Viruses","1.66"
"SRR24705305","BAG_22","cellular organisms","98.34"
"SRR24705304","BAG_23","Viruses","1.97"
"SRR24705304","BAG_23","cellular organisms","98.03"
"SRR24705303","BAG_24","Viruses","1.57"
"SRR24705303","BAG_24","cellular organisms","98.43"
"SRR24705302","BAG_25","Viruses","1.91"
"SRR24705302","BAG_25","cellular organisms","98.09"
"SRR24705301","BAG_26","Viruses","1.12"
"SRR24705301","BAG_26","cellular organisms","98.88"
"SRR24705300","BAG_27","Viruses","0.72"
"SRR24705300","BAG_27","cellular organisms","99.28"
"SRR24705299","BAG_28","Viruses","0.72"
"SRR24705299","BAG_28","cellular organisms","99.28"
"SRR24705298","BAG_29","Viruses","1.1"
"SRR24705298","BAG_29","cellular organisms","98.9"
"SRR24705297","BAG_30","Viruses","1.28"
"SRR24705297","BAG_30","cellular organisms","98.72"
"SRR24705296","BAG_31","Viruses","1.5"
"SRR24705296","BAG_31","cellular organisms","98.5"
"SRR24705294","BAG_33","Viruses","0.95"
"SRR24705294","BAG_33","cellular organisms","99.05"
"SRR24705293","BAG_37","Viruses","1.82"
"SRR24705293","BAG_37","cellular organisms","98.18"
"SRR24705292","BAG_39","Viruses","1.41"
"SRR24705292","BAG_39","cellular organisms","98.59"
"SRR24705291","BAG_46","Viruses","1.17"
"SRR24705291","BAG_46","cellular organisms","98.83"
"SRR24705308","BAG_8","Viruses","2.56"
"SRR24705308","BAG_8","cellular organisms","97.44"
"SRR24705290","BAH_14","Viruses","0.99"
"SRR24705290","BAH_14","cellular organisms","99.01"
"SRR24705289","BAH_24","Viruses","0.75"
"SRR24705289","BAH_24","cellular organisms","99.25"
"SRR24705288","BAH_25","Viruses","0.6"
"SRR24705288","BAH_25","cellular organisms","99.4"
"SRR24705287","BAH_26","Viruses","0.88"
"SRR24705287","BAH_26","cellular organisms","99.12"
"SRR24705286","BAH_27","Viruses","0.69"
"SRR24705286","BAH_27","cellular organisms","99.31"
"SRR24705285","BAH_28","Viruses","0.43"
"SRR24705285","BAH_28","cellular organisms","99.57"
"SRR24705283","BAH_29","Viruses","0.27"
"SRR24705283","BAH_29","cellular organisms","99.73"
"SRR24705282","BAH_30","Viruses","0.66"
"SRR24705282","BAH_30","cellular organisms","99.34"
"SRR24705281","BAH_31","Viruses","0.44"
"SRR24705281","BAH_31","cellular organisms","99.56"
"SRR24705280","BAH_32","Viruses","0.45"
"SRR24705280","BAH_32","cellular organisms","99.55"
"SRR24705279","BAH_33","Viruses","0.52"
"SRR24705279","BAH_33","cellular organisms","99.48"
"SRR24705278","BAH_34","Viruses","0.66"
"SRR24705278","BAH_34","cellular organisms","99.34"
"SRR24705277","BAH_36","Viruses","0.72"
"SRR24705277","BAH_36","cellular organisms","99.28"
"SRR24705276","BAH_38","Viruses","0.82"
"SRR24705276","BAH_38","cellular organisms","99.18"
"SRR24705275","BAH_41","Viruses","0.67"
"SRR24705275","BAH_41","cellular organisms","99.33"
"SRR24705274","BAH_48","Viruses","0.91"
"SRR24705274","BAH_48","cellular organisms","99.09"
"SRR24705271","BAI_21","Viruses","1.17"
"SRR24705271","BAI_21","cellular organisms","98.83"
"SRR24705270","BAI_22","Viruses","1.73"
"SRR24705270","BAI_22","cellular organisms","98.27"
"SRR24705269","BAI_23","Viruses","1.68"
"SRR24705269","BAI_23","cellular organisms","98.32"
"SRR24705268","BAI_24","Viruses","1.89"
"SRR24705268","BAI_24","cellular organisms","98.11"
"SRR24705267","BAI_25","Viruses","2.32"
"SRR24705267","BAI_25","cellular organisms","97.68"
"SRR24705266","BAI_26","Viruses","2.5"
"SRR24705266","BAI_26","cellular organisms","97.5"
"SRR24705265","BAI_27","Viruses","1.78"
"SRR24705265","BAI_27","cellular organisms","98.22"
"SRR24705264","BAI_28","Viruses","1.39"
"SRR24705264","BAI_28","cellular organisms","98.61"
"SRR24705263","BAI_29","Viruses","0.91"
"SRR24705263","BAI_29","cellular organisms","99.09"
"SRR24705261","BAI_30","Viruses","1.37"
"SRR24705261","BAI_30","cellular organisms","98.63"
"SRR24705260","BAI_32","Viruses","2.05"
"SRR24705260","BAI_32","cellular organisms","97.95"
"SRR24705259","BAI_33","Viruses","2.03"
"SRR24705259","BAI_33","cellular organisms","97.97"
"SRR24705258","BAI_36","Viruses","1.75"
"SRR24705258","BAI_36","cellular organisms","98.25"
"SRR24705257","BAI_38","Viruses","1.7"
"SRR24705257","BAI_38","cellular organisms","98.3"
"SRR24705256","BAI_45","Viruses","3.08"
"SRR24705256","BAI_45","cellular organisms","96.92"
"SRR24705272","BAI_8","Viruses","2.69"
"SRR24705272","BAI_8","cellular organisms","97.31"
"SRR24705254","BAJ_21","Viruses","3.16"
"SRR24705254","BAJ_21","cellular organisms","96.84"
"SRR24705253","BAJ_22","Viruses","1.5"
"SRR24705253","BAJ_22","cellular organisms","98.5"
"SRR24705252","BAJ_24","Viruses","0.83"
"SRR24705252","BAJ_24","cellular organisms","99.17"
"SRR24705250","BAJ_25","Viruses","0.11"
"SRR24705250","BAJ_25","cellular organisms","99.89"
"SRR24705249","BAJ_26","Viruses","0.4"
"SRR24705249","BAJ_26","cellular organisms","99.6"
"SRR24705248","BAJ_27","Viruses","0.32"
"SRR24705248","BAJ_27","cellular organisms","99.68"
"SRR24705247","BAJ_28","Viruses","0.36"
"SRR24705247","BAJ_28","cellular organisms","99.64"
"SRR24705246","BAJ_29","Viruses","0.36"
"SRR24705246","BAJ_29","cellular organisms","99.64"
"SRR24705245","BAJ_30","Viruses","0.46"
"SRR24705245","BAJ_30","cellular organisms","99.54"
"SRR24705244","BAJ_31","Viruses","0.5"
"SRR24705244","BAJ_31","cellular organisms","99.5"
"SRR24705243","BAJ_32","Viruses","0.72"
"SRR24705243","BAJ_32","cellular organisms","99.28"
"SRR24705242","BAJ_34","Viruses","0.82"
"SRR24705242","BAJ_34","cellular organisms","99.18"
"SRR24705241","BAJ_38","Viruses","0.41"
"SRR24705241","BAJ_38","cellular organisms","99.59"
"SRR24705239","BAJ_39","Viruses","0.65"
"SRR24705239","BAJ_39","cellular organisms","99.35"
"SRR24705238","BAJ_46","Viruses","1.01"
"SRR24705238","BAJ_46","cellular organisms","98.99"
"SRR24705255","BAJ_9","Viruses","0.64"
"SRR24705255","BAJ_9","cellular organisms","99.36"
"SRR24705236","BAK_19","Viruses","1.31"
"SRR24705236","BAK_19","cellular organisms","98.69"
"SRR24705235","BAK_20","Viruses","0.61"
"SRR24705235","BAK_20","cellular organisms","99.39"
"SRR24705234","BAK_22","Viruses","1.74"
"SRR24705234","BAK_22","cellular organisms","98.26"
"SRR24705233","BAK_23","Viruses","1.71"
"SRR24705233","BAK_23","cellular organisms","98.29"
"SRR24705232","BAK_24","Viruses","0.96"
"SRR24705232","BAK_24","cellular organisms","99.04"
"SRR24705231","BAK_25","Viruses","0.64"
"SRR24705231","BAK_25","cellular organisms","99.36"
"SRR24705230","BAK_26","Viruses","0.47"
"SRR24705230","BAK_26","cellular organisms","99.53"
"SRR24705227","BAK_27","Viruses","0.7"
"SRR24705227","BAK_27","cellular organisms","99.3"
"SRR24705226","BAK_28","Viruses","0.73"
"SRR24705226","BAK_28","cellular organisms","99.27"
"SRR24705225","BAK_29","Viruses","0.54"
"SRR24705225","BAK_29","cellular organisms","99.46"
"SRR24705224","BAK_30","Viruses","0.44"
"SRR24705224","BAK_30","cellular organisms","99.56"
"SRR24705223","BAK_32","Viruses","0.67"
"SRR24705223","BAK_32","cellular organisms","99.33"
"SRR24705222","BAK_36","Viruses","0.89"
"SRR24705222","BAK_36","cellular organisms","99.11"
"SRR24705221","BAK_38","Viruses","0.96"
"SRR24705221","BAK_38","cellular organisms","99.04"
"SRR24705220","BAK_44","Viruses","0.99"
"SRR24705220","BAK_44","cellular organisms","99.01"
"SRR24705237","BAK_8","Viruses","0.86"
"SRR24705237","BAK_8","cellular organisms","99.14"
"SRR24705218","BAL_21","Viruses","2.08"
"SRR24705218","BAL_21","cellular organisms","97.92"
"SRR24705216","BAL_22","Viruses","2.09"
"SRR24705216","BAL_22","cellular organisms","97.91"
"SRR24705215","BAL_23","Viruses","1.73"
"SRR24705215","BAL_23","cellular organisms","98.27"
"SRR24705214","BAL_24","Viruses","2.45"
"SRR24705214","BAL_24","cellular organisms","97.55"
"SRR24705629","BAL_25","Viruses","0.67"
"SRR24705629","BAL_25","cellular organisms","99.33"
"SRR24705628","BAL_26","Viruses","0.51"
"SRR24705628","BAL_26","cellular organisms","99.49"
"SRR24705627","BAL_27","Viruses","0.33"
"SRR24705627","BAL_27","cellular organisms","99.67"
"SRR24705626","BAL_28","Viruses","0.61"
"SRR24705626","BAL_28","cellular organisms","99.39"
"SRR24705625","BAL_29","Viruses","0.98"
"SRR24705625","BAL_29","cellular organisms","99.02"
"SRR24705624","BAL_30","Viruses","0.9"
"SRR24705624","BAL_30","cellular organisms","99.1"
"SRR24705623","BAL_32","Viruses","3.45"
"SRR24705623","BAL_32","cellular organisms","96.55"
"SRR24705621","BAL_34","Viruses","3.04"
"SRR24705621","BAL_34","cellular organisms","96.96"
"SRR24705620","BAL_37","Viruses","1.92"
"SRR24705620","BAL_37","cellular organisms","98.08"
"SRR24705619","BAL_38","Viruses","1.5"
"SRR24705619","BAL_38","cellular organisms","98.5"
"SRR24705618","BAL_48","Viruses","1.05"
"SRR24705618","BAL_48","cellular organisms","98.95"
"SRR24705219","BAL_9","Viruses","1.92"
"SRR24705219","BAL_9","cellular organisms","98.08"
"SRR24705617","BAM_10","Viruses","2.78"
"SRR24705617","BAM_10","cellular organisms","97.22"
"SRR24705616","BAM_20","Viruses","3.38"
"SRR24705616","BAM_20","cellular organisms","96.62"
"SRR24705615","BAM_21","Viruses","3.14"
"SRR24705615","BAM_21","cellular organisms","96.86"
"SRR24705614","BAM_22","Viruses","4.77"
"SRR24705614","BAM_22","cellular organisms","95.23"
"SRR24705613","BAM_23","Viruses","5.4"
"SRR24705613","BAM_23","cellular organisms","94.6"
"SRR24705612","BAM_24","Viruses","6.02"
"SRR24705612","BAM_24","cellular organisms","93.98"
"SRR24705610","BAM_25","Viruses","3.28"
"SRR24705610","BAM_25","cellular organisms","96.72"
"SRR24705609","BAM_26","Viruses","2.39"
"SRR24705609","BAM_26","cellular organisms","97.61"
"SRR24705608","BAM_27","Viruses","1.76"
"SRR24705608","BAM_27","cellular organisms","98.24"
"SRR24705607","BAM_29","Viruses","1.25"
"SRR24705607","BAM_29","cellular organisms","98.75"
"SRR24705606","BAM_31","Viruses","1.33"
"SRR24705606","BAM_31","cellular organisms","98.67"
"SRR24705605","BAM_32","Viruses","2.3"
"SRR24705605","BAM_32","cellular organisms","97.7"
"SRR24705604","BAM_33","Viruses","4.85"
"SRR24705604","BAM_33","cellular organisms","95.15"
"SRR24705603","BAM_38","Viruses","2.74"
"SRR24705603","BAM_38","cellular organisms","97.26"
"SRR24705602","BAM_40","Viruses","2.47"
"SRR24705602","BAM_40","cellular organisms","97.53"
"SRR24705601","BAM_47","Viruses","3.81"
"SRR24705601","BAM_47","cellular organisms","96.19"
"SRR24705598","BAN_19","Viruses","1.53"
"SRR24705598","BAN_19","cellular organisms","98.47"
"SRR24705469","BAN_20","Viruses","1.65"
"SRR24705469","BAN_20","cellular organisms","98.35"
"SRR24705468","BAN_21","Viruses","1.35"
"SRR24705468","BAN_21","cellular organisms","98.65"
"SRR24705467","BAN_22","Viruses","1.17"
"SRR24705467","BAN_22","cellular organisms","98.83"
"SRR24705466","BAN_23","Viruses","2.29"
"SRR24705466","BAN_23","cellular organisms","97.71"
"SRR24705465","BAN_24","Viruses","0.62"
"SRR24705465","BAN_24","cellular organisms","99.38"
"SRR24705464","BAN_25","Viruses","0.42"
"SRR24705464","BAN_25","cellular organisms","99.58"
"SRR24705463","BAN_26","Viruses","0.38"
"SRR24705463","BAN_26","cellular organisms","99.62"
"SRR24705462","BAN_28","Viruses","2.11"
"SRR24705462","BAN_28","cellular organisms","97.89"
"SRR24705460","BAN_29","Viruses","0.81"
"SRR24705460","BAN_29","cellular organisms","99.19"
"SRR24705459","BAN_30","Viruses","0.61"
"SRR24705459","BAN_30","cellular organisms","99.39"
"SRR24705458","BAN_32","Viruses","0.84"
"SRR24705458","BAN_32","cellular organisms","99.16"
"SRR24705457","BAN_37","Viruses","1.26"
"SRR24705457","BAN_37","cellular organisms","98.74"
"SRR24705456","BAN_39","Viruses","3.27"
"SRR24705456","BAN_39","cellular organisms","96.73"
"SRR24705455","BAN_45","Viruses","1.54"
"SRR24705455","BAN_45","cellular organisms","98.46"
"SRR24705599","BAN_9","Viruses","1.62"
"SRR24705599","BAN_9","cellular organisms","98.38"
"SRR24705453","BAP_21","Viruses","0.97"
"SRR24705453","BAP_21","cellular organisms","99.03"
"SRR24705452","BAP_22","Viruses","0.82"
"SRR24705452","BAP_22","cellular organisms","99.18"
"SRR24705451","BAP_23","Viruses","1.02"
"SRR24705451","BAP_23","cellular organisms","98.98"
"SRR24705449","BAP_24","Viruses","0.97"
"SRR24705449","BAP_24","cellular organisms","99.03"
"SRR24705448","BAP_25","Viruses","0.76"
"SRR24705448","BAP_25","cellular organisms","99.24"
"SRR24705447","BAP_26","Viruses","0.4"
"SRR24705447","BAP_26","cellular organisms","99.6"
"SRR24705446","BAP_27","Viruses","0.32"
"SRR24705446","BAP_27","cellular organisms","99.68"
"SRR24705445","BAP_28","Viruses","0.27"
"SRR24705445","BAP_28","cellular organisms","99.73"
"SRR24705444","BAP_29","Viruses","0.3"
"SRR24705444","BAP_29","cellular organisms","99.7"
"SRR24705443","BAP_30","Viruses","0.31"
"SRR24705443","BAP_30","cellular organisms","99.69"
"SRR24705442","BAP_31","Viruses","0.31"
"SRR24705442","BAP_31","cellular organisms","99.69"
"SRR24705441","BAP_33","Viruses","0.31"
"SRR24705441","BAP_33","cellular organisms","99.69"
"SRR24705440","BAP_36","Viruses","0.35"
"SRR24705440","BAP_36","cellular organisms","99.65"
"SRR24705438","BAP_38","Viruses","0.33"
"SRR24705438","BAP_38","cellular organisms","99.67"
"SRR24705213","BAP_42","Viruses","0.36"
"SRR24705213","BAP_42","cellular organisms","99.64"
"SRR24705454","BAP_8","Viruses","0.55"
"SRR24705454","BAP_8","cellular organisms","99.45"
"SRR29697129","CAA_15","Viruses","0.36"
"SRR29697129","CAA_15","cellular organisms","99.64"
"SRR29697118","CAA_16","Viruses","0.55"
"SRR29697118","CAA_16","cellular organisms","99.45"
"SRR29697107","CAA_17","Viruses","0.68"
"SRR29697107","CAA_17","cellular organisms","99.32"
"SRR29697096","CAA_18","Viruses","0.7"
"SRR29697096","CAA_18","cellular organisms","99.3"
"SRR29697085","CAA_19","Viruses","0.75"
"SRR29697085","CAA_19","cellular organisms","99.25"
"SRR29697074","CAA_20","Viruses","0.63"
"SRR29697074","CAA_20","cellular organisms","99.37"
"SRR29697063","CAA_21","Viruses","0.51"
"SRR29697063","CAA_21","cellular organisms","99.49"
"SRR29697052","CAA_22","Viruses","0.36"
"SRR29697052","CAA_22","cellular organisms","99.64"
"SRR29697051","CAA_23","Viruses","0.42"
"SRR29697051","CAA_23","cellular organisms","99.58"
"SRR29697128","CAA_24","Viruses","0.9"
"SRR29697128","CAA_24","cellular organisms","99.1"
"SRR29697127","CAA_25","Viruses","0.71"
"SRR29697127","CAA_25","cellular organisms","99.29"
"SRR29697126","CAA_26","Viruses","0.66"
"SRR29697126","CAA_26","cellular organisms","99.34"
"SRR29697125","CAA_27","Viruses","0.31"
"SRR29697125","CAA_27","cellular organisms","99.69"
"SRR29697124","CAA_28","Viruses","0.83"
"SRR29697124","CAA_28","cellular organisms","99.17"
"SRR29697123","CAA_29","Viruses","0.4"
"SRR29697123","CAA_29","cellular organisms","99.6"
"SRR29697130","CAA_5","Viruses","0.6"
"SRR29697130","CAA_5","cellular organisms","99.4"
"SRR29697086","CAC_18","Viruses","0.85"
"SRR29697086","CAC_18","cellular organisms","99.15"
"SRR29697084","CAC_19","Viruses","0.75"
"SRR29697084","CAC_19","cellular organisms","99.25"
"SRR29697083","CAC_20","Viruses","0.88"
"SRR29697083","CAC_20","cellular organisms","99.12"
"SRR29697082","CAC_21","Viruses","0.82"
"SRR29697082","CAC_21","cellular organisms","99.18"
"SRR29697081","CAC_22","Viruses","1.13"
"SRR29697081","CAC_22","cellular organisms","98.87"
"SRR29697080","CAC_23","Viruses","1.16"
"SRR29697080","CAC_23","cellular organisms","98.84"
"SRR29697079","CAC_24","Viruses","0.97"
"SRR29697079","CAC_24","cellular organisms","99.03"
"SRR29697078","CAC_25","Viruses","0.83"
"SRR29697078","CAC_25","cellular organisms","99.17"
"SRR29697077","CAC_26","Viruses","0.75"
"SRR29697077","CAC_26","cellular organisms","99.25"
"SRR29697076","CAC_27","Viruses","0.59"
"SRR29697076","CAC_27","cellular organisms","99.41"
"SRR29697075","CAC_28","Viruses","0.36"
"SRR29697075","CAC_28","cellular organisms","99.64"
"SRR29697073","CAC_29","Viruses","0.43"
"SRR29697073","CAC_29","cellular organisms","99.57"
"SRR29697072","CAC_30","Viruses","2.06"
"SRR29697072","CAC_30","cellular organisms","97.94"
"SRR29697071","CAC_31","Viruses","2.41"
"SRR29697071","CAC_31","cellular organisms","97.59"
"SRR29697070","CAC_37","Viruses","0.88"
"SRR29697070","CAC_37","cellular organisms","99.12"
"SRR29697087","CAC_9","Viruses","0.93"
"SRR29697087","CAC_9","cellular organisms","99.07"
"SRR29697121","CAK_18","Viruses","2.71"
"SRR29697121","CAK_18","cellular organisms","97.29"
"SRR29697120","CAK_19","Viruses","1.23"
"SRR29697120","CAK_19","cellular organisms","98.77"
"SRR29697119","CAK_20","Viruses","2.83"
"SRR29697119","CAK_20","cellular organisms","97.17"
"SRR29697117","CAK_21","Viruses","3.0"
"SRR29697117","CAK_21","cellular organisms","97.0"
"SRR29697116","CAK_22","Viruses","2.06"
"SRR29697116","CAK_22","cellular organisms","97.94"
"SRR29697115","CAK_23","Viruses","2.16"
"SRR29697115","CAK_23","cellular organisms","97.84"
"SRR29697114","CAK_24","Viruses","1.56"
"SRR29697114","CAK_24","cellular organisms","98.44"
"SRR29697113","CAK_25","Viruses","1.97"
"SRR29697113","CAK_25","cellular organisms","98.03"
"SRR29697112","CAK_26","Viruses","3.06"
"SRR29697112","CAK_26","cellular organisms","96.94"
"SRR29697111","CAK_27","Viruses","3.48"
"SRR29697111","CAK_27","cellular organisms","96.52"
"SRR29697110","CAK_28","Viruses","1.04"
"SRR29697110","CAK_28","cellular organisms","98.96"
"SRR29697109","CAK_29","Viruses","3.05"
"SRR29697109","CAK_29","cellular organisms","96.95"
"SRR29697108","CAK_30","Viruses","3.17"
"SRR29697108","CAK_30","cellular organisms","96.83"
"SRR29697106","CAK_31","Viruses","3.27"
"SRR29697106","CAK_31","cellular organisms","96.73"
"SRR29697105","CAK_36","Viruses","2.5"
"SRR29697105","CAK_36","cellular organisms","97.5"
"SRR29697122","CAK_9","Viruses","1.73"
"SRR29697122","CAK_9","cellular organisms","98.27"
"SRR29697103","CAM_18","Viruses","1.44"
"SRR29697103","CAM_18","cellular organisms","98.56"
"SRR29697102","CAM_19","Viruses","1.4"
"SRR29697102","CAM_19","cellular organisms","98.6"
"SRR29697101","CAM_20","Viruses","0.76"
"SRR29697101","CAM_20","cellular organisms","99.24"
"SRR29697100","CAM_21","Viruses","1.05"
"SRR29697100","CAM_21","cellular organisms","98.95"
"SRR29697099","CAM_22","Viruses","1.28"
"SRR29697099","CAM_22","cellular organisms","98.72"
"SRR29697098","CAM_26","Viruses","1.42"
"SRR29697098","CAM_26","cellular organisms","98.58"
"SRR29697097","CAM_27","Viruses","1.08"
"SRR29697097","CAM_27","cellular organisms","98.92"
"SRR29697095","CAM_29","Viruses","2.66"
"SRR29697095","CAM_29","cellular organisms","97.34"
"SRR29697094","CAM_30","Viruses","1.18"
"SRR29697094","CAM_30","cellular organisms","98.82"
"SRR29697093","CAM_31","Viruses","1.86"
"SRR29697093","CAM_31","cellular organisms","98.14"
"SRR29697092","CAM_36","Viruses","1.55"
"SRR29697092","CAM_36","cellular organisms","98.45"
"SRR29697091","CAM_37","Viruses","0.88"
"SRR29697091","CAM_37","cellular organisms","99.12"
"SRR29697090","CAM_38","Viruses","0.8"
"SRR29697090","CAM_38","cellular organisms","99.2"
"SRR29697089","CAM_39","Viruses","0.55"
"SRR29697089","CAM_39","cellular organisms","99.45"
"SRR29697088","CAM_40","Viruses","0.11"
"SRR29697088","CAM_40","cellular organisms","99.89"
"SRR29697104","CAM_8","Viruses","2.08"
"SRR29697104","CAM_8","cellular organisms","97.92"
"SRR29697069","CAN_10","Viruses","0.62"
"SRR29697069","CAN_10","cellular organisms","99.38"
"SRR29697068","CAN_19","Viruses","0.53"
"SRR29697068","CAN_19","cellular organisms","99.47"
"SRR29697067","CAN_20","Viruses","0.44"
"SRR29697067","CAN_20","cellular organisms","99.56"
"SRR29697066","CAN_21","Viruses","0.52"
"SRR29697066","CAN_21","cellular organisms","99.48"
"SRR29697065","CAN_22","Viruses","0.52"
"SRR29697065","CAN_22","cellular organisms","99.48"
"SRR29697064","CAN_23","Viruses","0.42"
"SRR29697064","CAN_23","cellular organisms","99.58"
"SRR29697062","CAN_25","Viruses","0.48"
"SRR29697062","CAN_25","cellular organisms","99.52"
"SRR29697061","CAN_26","Viruses","1.09"
"SRR29697061","CAN_26","cellular organisms","98.91"
"SRR29697060","CAN_27","Viruses","0.5"
"SRR29697060","CAN_27","cellular organisms","99.5"
"SRR29697059","CAN_29","Viruses","0.51"
"SRR29697059","CAN_29","cellular organisms","99.49"
"SRR29697058","CAN_30","Viruses","0.51"
"SRR29697058","CAN_30","cellular organisms","99.49"
"SRR29697057","CAN_31","Viruses","0.7"
"SRR29697057","CAN_31","cellular organisms","99.3"
"SRR29697056","CAN_36","Viruses","0.26"
"SRR29697056","CAN_36","cellular organisms","99.74"
"SRR29697055","CAN_37","Viruses","0.64"
"SRR29697055","CAN_37","cellular organisms","99.36"
"SRR29697054","CAN_38","Viruses","0.43"
"SRR29697054","CAN_38","cellular organisms","99.57"
"SRR29697053","CAN_39","Viruses","0.43"
"SRR29697053","CAN_39","cellular organisms","99.57"
"SRR24705196","DAE_104","Viruses","1.28"
"SRR24705196","DAE_104","cellular organisms","98.72"
"SRR24705212","DAE_62","Viruses","1.13"
"SRR24705212","DAE_62","cellular organisms","98.87"
"SRR24705211","DAE_79","Viruses","1.41"
"SRR24705211","DAE_79","cellular organisms","98.59"
"SRR24705210","DAE_80","Viruses","1.31"
"SRR24705210","DAE_80","cellular organisms","98.69"
"SRR24705209","DAE_81","Viruses","1.44"
"SRR24705209","DAE_81","cellular organisms","98.56"
"SRR24705208","DAE_82","Viruses","1.73"
"SRR24705208","DAE_82","cellular organisms","98.27"
"SRR24705207","DAE_83","Viruses","2.36"
"SRR24705207","DAE_83","cellular organisms","97.64"
"SRR24705206","DAE_84","Viruses","1.23"
"SRR24705206","DAE_84","cellular organisms","98.77"
"SRR24705205","DAE_85","Viruses","1.6"
"SRR24705205","DAE_85","cellular organisms","98.4"
"SRR24705203","DAE_86","Viruses","1.74"
"SRR24705203","DAE_86","cellular organisms","98.26"
"SRR24705202","DAE_87","Viruses","1.9"
"SRR24705202","DAE_87","cellular organisms","98.1"
"SRR24705201","DAE_88","Viruses","2.67"
"SRR24705201","DAE_88","cellular organisms","97.33"
"SRR24705200","DAE_89","Viruses","1.41"
"SRR24705200","DAE_89","cellular organisms","98.59"
"SRR24705199","DAE_91","Viruses","1.15"
"SRR24705199","DAE_91","cellular organisms","98.85"
"SRR24705198","DAE_95","Viruses","1.23"
"SRR24705198","DAE_95","cellular organisms","98.77"
"SRR24705197","DAE_97","Viruses","1.04"
"SRR24705197","DAE_97","cellular organisms","98.96"
"SRR24705195","DAL_72","Viruses","1.52"
"SRR24705195","DAL_72","cellular organisms","98.48"
"SRR24705194","DAL_80","Viruses","2.91"
"SRR24705194","DAL_80","cellular organisms","97.09"
"SRR24705192","DAL_81","Viruses","3.86"
"SRR24705192","DAL_81","cellular organisms","96.14"
"SRR24705191","DAL_82","Viruses","6.3"
"SRR24705191","DAL_82","cellular organisms","93.7"
"SRR24705190","DAL_83","Viruses","1.98"
"SRR24705190","DAL_83","cellular organisms","98.02"
"SRR24705189","DAL_84","Viruses","2.35"
"SRR24705189","DAL_84","cellular organisms","97.65"
"SRR24705188","DAL_85","Viruses","1.6"
"SRR24705188","DAL_85","cellular organisms","98.4"
"SRR24705187","DAL_86","Viruses","0.58"
"SRR24705187","DAL_86","cellular organisms","99.42"
"SRR24705186","DAL_87","Viruses","0.8"
"SRR24705186","DAL_87","cellular organisms","99.2"
"SRR24705185","DAL_89","Viruses","0.99"
"SRR24705185","DAL_89","cellular organisms","99.01"
"SRR24705184","DAL_90","Viruses","1.53"
"SRR24705184","DAL_90","cellular organisms","98.47"
"SRR24705183","DAL_91","Viruses","2.09"
"SRR24705183","DAL_91","cellular organisms","97.91"
"SRR24705436","DAL_92","Viruses","2.24"
"SRR24705436","DAL_92","cellular organisms","97.76"
"SRR24705435","DAL_93","Viruses","3.12"
"SRR24705435","DAL_93","cellular organisms","96.88"
"SRR24705434","DAL_95","Viruses","1.3"
"SRR24705434","DAL_95","cellular organisms","98.7"
"SRR24705433","DAL_98","Viruses","10.06"
"SRR24705433","DAL_98","cellular organisms","89.94"
"SRR24705432","DAO_60","Viruses","0.86"
"SRR24705432","DAO_60","cellular organisms","99.14"
"SRR24705431","DAO_72","Viruses","0.83"
"SRR24705431","DAO_72","cellular organisms","99.17"
"SRR24705430","DAO_73","Viruses","0.94"
"SRR24705430","DAO_73","cellular organisms","99.06"
"SRR24705429","DAO_74","Viruses","0.84"
"SRR24705429","DAO_74","cellular organisms","99.16"
"SRR24705428","DAO_75","Viruses","1.12"
"SRR24705428","DAO_75","cellular organisms","98.88"
"SRR24705427","DAO_76","Viruses","1.05"
"SRR24705427","DAO_76","cellular organisms","98.95"
"SRR24705425","DAO_77","Viruses","0.31"
"SRR24705425","DAO_77","cellular organisms","99.69"
"SRR24705424","DAO_78","Viruses","0.48"
"SRR24705424","DAO_78","cellular organisms","99.52"
"SRR24705423","DAO_79","Viruses","1.42"
"SRR24705423","DAO_79","cellular organisms","98.58"
"SRR24705422","DAO_80","Viruses","2.76"
"SRR24705422","DAO_80","cellular organisms","97.24"
"SRR24705421","DAO_81","Viruses","0.99"
"SRR24705421","DAO_81","cellular organisms","99.01"
"SRR24705420","DAO_82","Viruses","1.02"
"SRR24705420","DAO_82","cellular organisms","98.98"
"SRR24705419","DAO_84","Viruses","0.72"
"SRR24705419","DAO_84","cellular organisms","99.28"
"SRR24705418","DAO_88","Viruses","1.29"
"SRR24705418","DAO_88","cellular organisms","98.71"
"SRR24705417","DAO_91","Viruses","0.53"
"SRR24705417","DAO_91","cellular organisms","99.47"
"SRR24705416","DAO_99","Viruses","0.51"
"SRR24705416","DAO_99","cellular organisms","99.49"
"SRR24705414","DBL_54","Viruses","1.23"
"SRR29697555","DBL_54","cellular organisms","100.0"
"SRR24705413","DBL_63","Viruses","1.58"
"SRR24705413","DBL_63","cellular organisms","98.42"
"SRR24705412","DBL_64","Viruses","1.79"
"SRR29697553","DBL_64","cellular organisms","100.0"
"SRR24705411","DBL_65","Viruses","2.39"
"SRR29697566","DBL_65","cellular organisms","99.99"
"SRR24705410","DBL_66","Viruses","3.32"
"SRR24705410","DBL_66","cellular organisms","96.68"
"SRR24705409","DBL_67","Viruses","1.83"
"SRR24705409","DBL_67","cellular organisms","98.17"
"SRR24705408","DBL_68","Viruses","2.14"
"SRR24705408","DBL_68","cellular organisms","97.86"
"SRR24705407","DBL_69","Viruses","2.47"
"SRR24705407","DBL_69","cellular organisms","97.53"
"SRR24705406","DBL_71","Viruses","1.72"
"SRR24705406","DBL_71","cellular organisms","98.28"
"SRR24704941","DBL_72","Viruses","1.97"
"SRR24704941","DBL_72","cellular organisms","98.03"
"SRR24704939","DBL_74","Viruses","1.25"
"SRR24704939","DBL_74","cellular organisms","98.75"
"SRR24704938","DBL_75","Viruses","1.95"
"SRR24704938","DBL_75","cellular organisms","98.05"
"SRR24704937","DBL_76","Viruses","1.71"
"SRR24704937","DBL_76","cellular organisms","98.29"
"SRR24704936","DBL_79","Viruses","1.12"
"SRR24704936","DBL_79","cellular organisms","98.88"
"SRR24704935","DBL_81","Viruses","1.38"
"SRR24704935","DBL_81","cellular organisms","98.62"
"SRR24704934","DBL_88","Viruses","0.72"
"SRR24704934","DBL_88","cellular organisms","99.28"
"SRR24704916","DBV_101","Viruses","1.32"
"SRR24704916","DBV_101","cellular organisms","98.68"
"SRR24704933","DBV_63","Viruses","1.41"
"SRR24704933","DBV_63","cellular organisms","98.59"
"SRR24704932","DBV_76","Viruses","1.49"
"SRR24704932","DBV_76","cellular organisms","98.51"
"SRR24704931","DBV_77","Viruses","1.57"
"SRR24704931","DBV_77","cellular organisms","98.43"
"SRR24704930","DBV_78","Viruses","1.47"
"SRR24704930","DBV_78","cellular organisms","98.53"
"SRR24704928","DBV_79","Viruses","1.49"
"SRR24704928","DBV_79","cellular organisms","98.51"
"SRR24704927","DBV_80","Viruses","1.08"
"SRR24704927","DBV_80","cellular organisms","98.92"
"SRR24704926","DBV_81","Viruses","1.68"
"SRR24704926","DBV_81","cellular organisms","98.32"
"SRR24704925","DBV_82","Viruses","1.55"
"SRR24704925","DBV_82","cellular organisms","98.45"
"SRR24704924","DBV_83","Viruses","0.97"
"SRR24704924","DBV_83","cellular organisms","99.03"
"SRR24704923","DBV_84","Viruses","0.72"
"SRR24704923","DBV_84","cellular organisms","99.28"
"SRR24704922","DBV_85","Viruses","1.27"
"SRR24704922","DBV_85","cellular organisms","98.73"
"SRR24704921","DBV_87","Viruses","1.83"
"SRR24704921","DBV_87","cellular organisms","98.17"
"SRR24704920","DBV_88","Viruses","1.77"
"SRR24704920","DBV_88","cellular organisms","98.23"
"SRR24704919","DBV_92","Viruses","1.57"
"SRR24704919","DBV_92","cellular organisms","98.43"
"SRR24704917","DBV_94","Viruses","1.44"
"SRR24704917","DBV_94","cellular organisms","98.56"
"SRR24704915","EAA_33","Viruses","1.77"
"SRR24704915","EAA_33","cellular organisms","98.23"
"SRR24704914","EAA_46","Viruses","1.82"
"SRR24704914","EAA_46","cellular organisms","98.18"
"SRR24704913","EAA_47","Viruses","2.19"
"SRR24704913","EAA_47","cellular organisms","97.81"
"SRR24704912","EAA_48","Viruses","2.51"
"SRR24704912","EAA_48","cellular organisms","97.49"
"SRR24704911","EAA_50","Viruses","2.15"
"SRR24704911","EAA_50","cellular organisms","97.85"
"SRR24704910","EAA_51","Viruses","1.24"
"SRR24704910","EAA_51","cellular organisms","98.76"
"SRR24705181","EAA_53","Viruses","1.89"
"SRR24705181","EAA_53","cellular organisms","98.11"
"SRR24705180","EAA_55","Viruses","1.11"
"SRR24705180","EAA_55","cellular organisms","98.89"
"SRR24705178","EAA_56","Viruses","0.77"
"SRR24705178","EAA_56","cellular organisms","99.23"
"SRR24705177","EAA_60","Viruses","2.24"
"SRR24705177","EAA_60","cellular organisms","97.76"
"SRR24705176","EAA_61","Viruses","1.37"
"SRR24705176","EAA_61","cellular organisms","98.63"
"SRR24705175","EAA_62","Viruses","2.3"
"SRR24705175","EAA_62","cellular organisms","97.7"
"SRR24705174","EAA_63","Viruses","1.7"
"SRR24705174","EAA_63","cellular organisms","98.3"
"SRR24705173","EAA_64","Viruses","2.17"
"SRR24705173","EAA_64","cellular organisms","97.83"
"SRR24705172","EAA_65","Viruses","1.41"
"SRR24705172","EAA_65","cellular organisms","98.59"
"SRR24705171","EAA_71","Viruses","1.32"
"SRR24705171","EAA_71","cellular organisms","98.68"
"SRR24705170","EAB_38","Viruses","1.06"
"SRR24705170","EAB_38","cellular organisms","98.94"
"SRR24705169","EAB_50","Viruses","1.37"
"SRR24705169","EAB_50","cellular organisms","98.63"
"SRR24705167","EAB_51","Viruses","1.45"
"SRR24705167","EAB_51","cellular organisms","98.55"
"SRR24705166","EAB_52","Viruses","1.23"
"SRR24705166","EAB_52","cellular organisms","98.77"
"SRR24705165","EAB_53","Viruses","1.53"
"SRR24705165","EAB_53","cellular organisms","98.47"
"SRR24705164","EAB_54","Viruses","1.16"
"SRR24705164","EAB_54","cellular organisms","98.84"
"SRR24705163","EAB_55","Viruses","0.24"
"SRR24705163","EAB_55","cellular organisms","99.76"
"SRR24705162","EAB_56","Viruses","0.19"
"SRR24705162","EAB_56","cellular organisms","99.81"
"SRR24705161","EAB_57","Viruses","0.21"
"SRR24705161","EAB_57","cellular organisms","99.79"
"SRR24705160","EAB_58","Viruses","0.2"
"SRR24705160","EAB_58","cellular organisms","99.8"
"SRR24705159","EAB_60","Viruses","0.45"
"SRR24705159","EAB_60","cellular organisms","99.55"
"SRR24705158","EAB_65","Viruses","1.52"
"SRR24705158","EAB_65","cellular organisms","98.48"
"SRR24705156","EAB_66","Viruses","1.35"
"SRR24705156","EAB_66","cellular organisms","98.65"
"SRR24705155","EAB_67","Viruses","1.35"
"SRR24705155","EAB_67","cellular organisms","98.65"
"SRR24705154","EAB_68","Viruses","1.21"
"SRR24705154","EAB_68","cellular organisms","98.79"
"SRR24705153","EAB_79","Viruses","1.16"
"SRR24705153","EAB_79","cellular organisms","98.84"
"SRR24705152","EAC_33","Viruses","1.47"
"SRR24705152","EAC_33","cellular organisms","98.53"
"SRR24705151","EAC_45","Viruses","2.03"
"SRR24705151","EAC_45","cellular organisms","97.97"
"SRR24705150","EAC_46","Viruses","1.84"
"SRR24705150","EAC_46","cellular organisms","98.16"
"SRR24705149","EAC_48","Viruses","1.33"
"SRR24705149","EAC_48","cellular organisms","98.67"
"SRR24705148","EAC_49","Viruses","1.49"
"SRR24705148","EAC_49","cellular organisms","98.51"
"SRR24705147","EAC_50","Viruses","0.45"
"SRR24705147","EAC_50","cellular organisms","99.55"
"SRR24705145","EAC_51","Viruses","0.21"
"SRR24705145","EAC_51","cellular organisms","99.79"
"SRR24705144","EAC_52","Viruses","0.22"
"SRR24705144","EAC_52","cellular organisms","99.78"
"SRR24705143","EAC_53","Viruses","0.68"
"SRR24705143","EAC_53","cellular organisms","99.32"
"SRR24705142","EAC_54","Viruses","0.37"
"SRR24705142","EAC_54","cellular organisms","99.63"
"SRR24705141","EAC_55","Viruses","0.7"
"SRR24705141","EAC_55","cellular organisms","99.3"
"SRR24705140","EAC_58","Viruses","1.27"
"SRR24705140","EAC_58","cellular organisms","98.73"
"SRR24705139","EAC_59","Viruses","2.19"
"SRR24705139","EAC_59","cellular organisms","97.81"
"SRR24705138","EAC_62","Viruses","1.44"
"SRR24705138","EAC_62","cellular organisms","98.56"
"SRR24705137","EAC_64","Viruses","0.62"
"SRR24705137","EAC_64","cellular organisms","99.38"
"SRR24705136","EAC_71","Viruses","1.01"
"SRR24705136","EAC_71","cellular organisms","98.99"
"SRR24705133","EAD_33","Viruses","0.54"
"SRR24705133","EAD_33","cellular organisms","99.46"
"SRR24705132","EAD_46","Viruses","0.63"
"SRR24705132","EAD_46","cellular organisms","99.37"
"SRR24705131","EAD_47","Viruses","0.44"
"SRR24705131","EAD_47","cellular organisms","99.56"
"SRR24705130","EAD_48","Viruses","0.66"
"SRR24705130","EAD_48","cellular organisms","99.34"
"SRR24705129","EAD_49","Viruses","1.27"
"SRR24705129","EAD_49","cellular organisms","98.73"
"SRR24705128","EAD_50","Viruses","1.12"
"SRR24705128","EAD_50","cellular organisms","98.88"
"SRR24705127","EAD_51","Viruses","1.1"
"SRR24705127","EAD_51","cellular organisms","98.9"
"SRR24705126","EAD_52","Viruses","0.85"
"SRR24705126","EAD_52","cellular organisms","99.15"
"SRR24705125","EAD_53","Viruses","0.49"
"SRR24705125","EAD_53","cellular organisms","99.51"
"SRR24705124","EAD_54","Viruses","2.19"
"SRR24705124","EAD_54","cellular organisms","97.81"
"SRR24705122","EAD_55","Viruses","1.12"
"SRR24705122","EAD_55","cellular organisms","98.88"
"SRR24705121","EAD_56","Viruses","0.94"
"SRR24705121","EAD_56","cellular organisms","99.06"
"SRR24705120","EAD_58","Viruses","0.77"
"SRR24705120","EAD_58","cellular organisms","99.23"
"SRR24705119","EAD_62","Viruses","0.55"
"SRR24705119","EAD_62","cellular organisms","99.45"
"SRR24705118","EAD_64","Viruses","0.73"
"SRR24705118","EAD_64","cellular organisms","99.27"
"SRR24705405","EAD_71","Viruses","0.6"
"SRR24705405","EAD_71","cellular organisms","99.4"
"SRR24705404","EAE_33","Viruses","1.83"
"SRR24705404","EAE_33","cellular organisms","98.17"
"SRR24705403","EAE_46","Viruses","0.77"
"SRR24705403","EAE_46","cellular organisms","99.23"
"SRR24705402","EAE_47","Viruses","0.7"
"SRR24705402","EAE_47","cellular organisms","99.3"
"SRR24705401","EAE_48","Viruses","0.66"
"SRR24705401","EAE_48","cellular organisms","99.34"
"SRR24705399","EAE_49","Viruses","0.74"
"SRR24705399","EAE_49","cellular organisms","99.26"
"SRR24705398","EAE_50","Viruses","0.5"
"SRR24705398","EAE_50","cellular organisms","99.5"
"SRR24705397","EAE_51","Viruses","0.54"
"SRR24705397","EAE_51","cellular organisms","99.46"
"SRR24705396","EAE_52","Viruses","1.45"
"SRR24705396","EAE_52","cellular organisms","98.55"
"SRR24705395","EAE_53","Viruses","0.94"
"SRR24705395","EAE_53","cellular organisms","99.06"
"SRR24705394","EAE_54","Viruses","0.98"
"SRR24705394","EAE_54","cellular organisms","99.02"
"SRR24705393","EAE_55","Viruses","7.32"
"SRR24705393","EAE_55","cellular organisms","92.68"
"SRR24705392","EAE_57","Viruses","34.29"
"SRR24705392","EAE_57","cellular organisms","65.71"
"SRR24705391","EAE_58","Viruses","47.31"
"SRR24705391","EAE_58","cellular organisms","52.69"
"SRR24705390","EAE_59","Viruses","13.39"
"SRR24705390","EAE_59","cellular organisms","86.61"
"SRR24705388","EAE_61","Viruses","3.1"
"SRR24705388","EAE_61","cellular organisms","96.9"
"SRR24705387","EAE_68","Viruses","5.21"
"SRR24705387","EAE_68","cellular organisms","94.79"
"SRR24705386","EAF_33","Viruses","2.24"
"SRR24705386","EAF_33","cellular organisms","97.76"
"SRR24705385","EAF_46","Viruses","1.78"
"SRR24705385","EAF_46","cellular organisms","98.22"
"SRR24705384","EAF_47","Viruses","2.17"
"SRR24705384","EAF_47","cellular organisms","97.83"
"SRR24705383","EAF_48","Viruses","2.1"
"SRR24705383","EAF_48","cellular organisms","97.9"
"SRR24705382","EAF_49","Viruses","4.1"
"SRR24705382","EAF_49","cellular organisms","95.9"
"SRR24705381","EAF_50","Viruses","2.6"
"SRR24705381","EAF_50","cellular organisms","97.4"
"SRR24705380","EAF_51","Viruses","1.85"
"SRR24705380","EAF_51","cellular organisms","98.15"
"SRR24705379","EAF_52","Viruses","2.07"
"SRR24705379","EAF_52","cellular organisms","97.93"
"SRR24705377","EAF_53","Viruses","1.72"
"SRR24705377","EAF_53","cellular organisms","98.28"
"SRR24705376","EAF_54","Viruses","0.82"
"SRR24705376","EAF_54","cellular organisms","99.18"
"SRR24705375","EAF_55","Viruses","1.18"
"SRR24705375","EAF_55","cellular organisms","98.82"
"SRR24705374","EAF_56","Viruses","1.66"
"SRR24705374","EAF_56","cellular organisms","98.34"
"SRR24704909","EAF_58","Viruses","1.71"
"SRR24704909","EAF_58","cellular organisms","98.29"
"SRR24704908","EAF_62","Viruses","1.7"
"SRR24704908","EAF_62","cellular organisms","98.3"
"SRR24704907","EAF_64","Viruses","3.3"
"SRR24704907","EAF_64","cellular organisms","96.7"
"SRR24704906","EAF_71","Viruses","0.99"
"SRR24704906","EAF_71","cellular organisms","99.01"
"SRR24704905","EAI_33","Viruses","1.72"
"SRR24704905","EAI_33","cellular organisms","98.28"
"SRR24704904","EAI_46","Viruses","12.06"
"SRR24704904","EAI_46","cellular organisms","87.94"
"SRR24704902","EAI_47","Viruses","6.98"
"SRR24704902","EAI_47","cellular organisms","93.02"
"SRR24704901","EAI_48","Viruses","5.13"
"SRR24704901","EAI_48","cellular organisms","94.87"
"SRR24704900","EAI_49","Viruses","4.47"
"SRR24704900","EAI_49","cellular organisms","95.53"
"SRR24704899","EAI_50","Viruses","6.99"
"SRR24704899","EAI_50","cellular organisms","93.01"
"SRR24704898","EAI_51","Viruses","13.0"
"SRR24704898","EAI_51","cellular organisms","87.0"
"SRR24704897","EAI_52","Viruses","10.2"
"SRR24704897","EAI_52","cellular organisms","89.8"
"SRR24704896","EAI_53","Viruses","14.87"
"SRR24704896","EAI_53","cellular organisms","85.13"
"SRR24704895","EAI_54","Viruses","5.17"
"SRR24704895","EAI_54","cellular organisms","94.83"
"SRR24704894","EAI_55","Viruses","2.22"
"SRR24704894","EAI_55","cellular organisms","97.78"
"SRR24704893","EAI_56","Viruses","1.4"
"SRR24704893","EAI_56","cellular organisms","98.6"
"SRR24704891","EAI_58","Viruses","2.16"
"SRR24704891","EAI_58","cellular organisms","97.84"
"SRR24704890","EAI_62","Viruses","1.36"
"SRR24704890","EAI_62","cellular organisms","98.64"
"SRR24704889","EAI_64","Viruses","2.02"
"SRR24704889","EAI_64","cellular organisms","97.98"
"SRR24704888","EAI_71","Viruses","0.96"
"SRR24704888","EAI_71","cellular organisms","99.04"
"SRR24704887","EAL_36","Viruses","1.8"
"SRR24704887","EAL_36","cellular organisms","98.2"
"SRR24704886","EAL_51","Viruses","2.46"
"SRR24704886","EAL_51","cellular organisms","97.54"
"SRR24704885","EAL_52","Viruses","4.48"
"SRR24704885","EAL_52","cellular organisms","95.52"
"SRR24704884","EAL_53","Viruses","4.23"
"SRR24704884","EAL_53","cellular organisms","95.77"
"SRR24704883","EAL_54","Viruses","6.39"
"SRR24704883","EAL_54","cellular organisms","93.61"
"SRR24704882","EAL_55","Viruses","3.07"
"SRR24704882","EAL_55","cellular organisms","96.93"
"SRR24704880","EAL_56","Viruses","1.58"
"SRR24704880","EAL_56","cellular organisms","98.42"
"SRR24704879","EAL_57","Viruses","2.41"
"SRR24704879","EAL_57","cellular organisms","97.59"
"SRR24704878","EAL_58","Viruses","2.42"
"SRR24704878","EAL_58","cellular organisms","97.58"
"SRR24705597","EAL_59","Viruses","3.07"
"SRR24705597","EAL_59","cellular organisms","96.93"
"SRR24705596","EAL_60","Viruses","2.31"
"SRR24705596","EAL_60","cellular organisms","97.69"
"SRR24705595","EAL_61","Viruses","7.42"
"SRR24705595","EAL_61","cellular organisms","92.58"
"SRR24705594","EAL_63","Viruses","12.48"
"SRR24705594","EAL_63","cellular organisms","87.52"
"SRR24705593","EAL_66","Viruses","2.51"
"SRR24705593","EAL_66","cellular organisms","97.49"
"SRR24705592","EAL_67","Viruses","2.59"
"SRR24705592","EAL_67","cellular organisms","97.41"
"SRR24705591","EAL_74","Viruses","8.05"
"SRR24705591","EAL_74","cellular organisms","91.95"
"SRR24705589","EAN_33","Viruses","2.1"
"SRR24705589","EAN_33","cellular organisms","97.9"
"SRR24705588","EAN_46","Viruses","1.31"
"SRR24705588","EAN_46","cellular organisms","98.69"
"SRR24705587","EAN_47","Viruses","1.07"
"SRR24705587","EAN_47","cellular organisms","98.93"
"SRR24705586","EAN_48","Viruses","0.66"
"SRR24705586","EAN_48","cellular organisms","99.34"
"SRR24705585","EAN_49","Viruses","0.52"
"SRR24705585","EAN_49","cellular organisms","99.48"
"SRR24705584","EAN_50","Viruses","0.24"
"SRR24705584","EAN_50","cellular organisms","99.76"
"SRR24705583","EAN_51","Viruses","0.23"
"SRR24705583","EAN_51","cellular organisms","99.77"
"SRR24705582","EAN_52","Viruses","0.26"
"SRR24705582","EAN_52","cellular organisms","99.74"
"SRR24705581","EAN_54","Viruses","0.91"
"SRR24705581","EAN_54","cellular organisms","99.09"
"SRR24705580","EAN_55","Viruses","2.97"
"SRR24705580","EAN_55","cellular organisms","97.03"
"SRR24705578","EAN_58","Viruses","3.07"
"SRR24705578","EAN_58","cellular organisms","96.93"
"SRR24705577","EAN_59","Viruses","4.02"
"SRR24705577","EAN_59","cellular organisms","95.98"
"SRR24705576","EAN_60","Viruses","5.13"
"SRR24705576","EAN_60","cellular organisms","94.87"
"SRR24705575","EAN_62","Viruses","1.64"
"SRR24705575","EAN_62","cellular organisms","98.36"
"SRR24705574","EAN_64","Viruses","1.19"
"SRR24705574","EAN_64","cellular organisms","98.81"
"SRR24705573","EAN_71","Viruses","1.22"
"SRR24705573","EAN_71","cellular organisms","98.78"
"SRR24705572","EAO_42","Viruses","1.8"
"SRR24705572","EAO_42","cellular organisms","98.2"
"SRR24705571","EAO_54","Viruses","1.46"
"SRR24705571","EAO_54","cellular organisms","98.54"
"SRR24705570","EAO_55","Viruses","1.65"
"SRR24705570","EAO_55","cellular organisms","98.35"
"SRR24705569","EAO_59","Viruses","1.42"
"SRR24705569","EAO_59","cellular organisms","98.58"
"SRR24705566","EAO_60","Viruses","0.57"
"SRR24705566","EAO_60","cellular organisms","99.43"
"SRR24705565","EAO_62","Viruses","0.76"
"SRR24705565","EAO_62","cellular organisms","99.24"
"SRR24705564","EAO_64","Viruses","1.23"
"SRR24705564","EAO_64","cellular organisms","98.77"
"SRR24705563","EAO_65","Viruses","1.36"
"SRR24705563","EAO_65","cellular organisms","98.64"
"SRR24705562","EAO_66","Viruses","1.71"
"SRR24705562","EAO_66","cellular organisms","98.29"
"SRR24705561","EAO_67","Viruses","1.7"
"SRR24705561","EAO_67","cellular organisms","98.3"
"SRR24705560","EAO_68","Viruses","1.91"
"SRR24705560","EAO_68","cellular organisms","98.09"
"SRR24705559","EAO_69","Viruses","1.82"
"SRR24705559","EAO_69","cellular organisms","98.18"
"SRR24705558","EAO_70","Viruses","1.53"
"SRR24705558","EAO_70","cellular organisms","98.47"
"SRR24705557","EAO_71","Viruses","1.45"
"SRR24705557","EAO_71","cellular organisms","98.55"
"SRR24705555","EAO_73","Viruses","1.67"
"SRR24705555","EAO_73","cellular organisms","98.33"
"SRR24705554","EAO_74","Viruses","1.69"
"SRR24705554","EAO_74","cellular organisms","98.31"
"SRR24705553","EAP_45","Viruses","1.22"
"SRR24705553","EAP_45","cellular organisms","98.78"
"SRR24705552","EAP_59","Viruses","2.06"
"SRR24705552","EAP_59","cellular organisms","97.94"
"SRR24705551","EAP_60","Viruses","2.43"
"SRR24705551","EAP_60","cellular organisms","97.57"
"SRR24705550","EAP_61","Viruses","2.25"
"SRR24705550","EAP_61","cellular organisms","97.75"
"SRR24705549","EAP_62","Viruses","2.85"
"SRR24705549","EAP_62","cellular organisms","97.15"
"SRR24705548","EAP_63","Viruses","1.39"
"SRR24705548","EAP_63","cellular organisms","98.61"
"SRR24705547","EAP_64","Viruses","1.28"
"SRR24705547","EAP_64","cellular organisms","98.72"
"SRR24705546","EAP_65","Viruses","3.2"
"SRR24705546","EAP_65","cellular organisms","96.8"
"SRR24705544","EAP_66","Viruses","1.02"
"SRR24705544","EAP_66","cellular organisms","98.98"
"SRR24705543","EAP_67","Viruses","1.03"
"SRR24705543","EAP_67","cellular organisms","98.97"
"SRR24705542","EAP_68","Viruses","1.61"
"SRR24705542","EAP_68","cellular organisms","98.39"
"SRR24705541","EAP_69","Viruses","1.67"
"SRR24705541","EAP_69","cellular organisms","98.33"
"SRR24705540","EAP_71","Viruses","2.33"
"SRR24705540","EAP_71","cellular organisms","97.67"
"SRR24705539","EAP_75","Viruses","1.98"
"SRR24705539","EAP_75","cellular organisms","98.02"
"SRR24705538","EAP_77","Viruses","1.24"
"SRR24705538","EAP_77","cellular organisms","98.76"
"SRR24705537","EAP_84","Viruses","1.93"
"SRR24705537","EAP_84","cellular organisms","98.07"
"SRR24705536","EAQ_33","Viruses","1.44"
"SRR24705536","EAQ_33","cellular organisms","98.56"
"SRR24705535","EAQ_46","Viruses","1.49"
"SRR24705535","EAQ_46","cellular organisms","98.51"
"SRR24705373","EAQ_47","Viruses","1.55"
"SRR24705373","EAQ_47","cellular organisms","98.45"
"SRR24705372","EAQ_48","Viruses","1.24"
"SRR24705372","EAQ_48","cellular organisms","98.76"
"SRR24705371","EAQ_49","Viruses","1.31"
"SRR24705371","EAQ_49","cellular organisms","98.69"
"SRR24705370","EAQ_50","Viruses","0.9"
"SRR24705370","EAQ_50","cellular organisms","99.1"
"SRR24705369","EAQ_51","Viruses","1.79"
"SRR24705369","EAQ_51","cellular organisms","98.21"
"SRR24705368","EAQ_52","Viruses","6.83"
"SRR24705368","EAQ_52","cellular organisms","93.17"
"SRR24705367","EAQ_53","Viruses","9.67"
"SRR24705367","EAQ_53","cellular organisms","90.33"
"SRR24705366","EAQ_54","Viruses","16.8"
"SRR24705366","EAQ_54","cellular organisms","83.2"
"SRR24705365","EAQ_56","Viruses","12.81"
"SRR24705365","EAQ_56","cellular organisms","87.19"
"SRR24705364","EAQ_57","Viruses","8.23"
"SRR24705364","EAQ_57","cellular organisms","91.77"
"SRR24705362","EAQ_58","Viruses","2.31"
"SRR24705362","EAQ_58","cellular organisms","97.69"
"SRR24705361","EAQ_63","Viruses","0.84"
"SRR24705361","EAQ_63","cellular organisms","99.16"
"SRR24705360","EAQ_65","Viruses","1.76"
"SRR24705360","EAQ_65","cellular organisms","98.24"
"SRR24705359","EAQ_72","Viruses","5.23"
"SRR24705359","EAQ_72","cellular organisms","94.77"
"SRR24705358","EAR_43","Viruses","1.13"
"SRR24705358","EAR_43","cellular organisms","98.87"
"SRR24705357","EAR_51","Viruses","0.98"
"SRR24705357","EAR_51","cellular organisms","99.02"
"SRR24705356","EAR_52","Viruses","1.03"
"SRR24705356","EAR_52","cellular organisms","98.97"
"SRR24705355","EAR_53","Viruses","0.82"
"SRR24705355","EAR_53","cellular organisms","99.18"
"SRR24705354","EAR_54","Viruses","1.13"
"SRR24705354","EAR_54","cellular organisms","98.87"
"SRR24705353","EAR_55","Viruses","1.43"
"SRR24705353","EAR_55","cellular organisms","98.57"
"SRR24705351","EAR_56","Viruses","0.73"
"SRR24705351","EAR_56","cellular organisms","99.27"
"SRR24705350","EAR_57","Viruses","0.92"
"SRR24705350","EAR_57","cellular organisms","99.08"
"SRR24705349","EAR_58","Viruses","0.6"
"SRR24705349","EAR_58","cellular organisms","99.4"
"SRR24705348","EAR_59","Viruses","0.49"
"SRR24705348","EAR_59","cellular organisms","99.51"
"SRR24705347","EAR_60","Viruses","0.78"
"SRR24705347","EAR_60","cellular organisms","99.22"
"SRR24705346","EAR_62","Viruses","1.14"
"SRR24705346","EAR_62","cellular organisms","98.86"
"SRR24705345","EAR_63","Viruses","1.25"
"SRR24705345","EAR_63","cellular organisms","98.75"
"SRR24705344","EAR_66","Viruses","0.9"
"SRR24705344","EAR_66","cellular organisms","99.1"
"SRR24705343","EAR_67","Viruses","1.29"
"SRR24705343","EAR_67","cellular organisms","98.71"
"SRR24705342","EAR_72","Viruses","1.03"
"SRR24705342","EAR_72","cellular organisms","98.97"
"SRR24705116","EAS_25","Viruses","1.07"
"SRR24705116","EAS_25","cellular organisms","98.93"
"SRR24705115","EAS_37","Viruses","0.69"
"SRR24705115","EAS_37","cellular organisms","99.31"
"SRR24705114","EAS_38","Viruses","0.58"
"SRR24705114","EAS_38","cellular organisms","99.42"
"SRR24705113","EAS_39","Viruses","0.63"
"SRR24705113","EAS_39","cellular organisms","99.37"
"SRR24705112","EAS_40","Viruses","0.61"
"SRR24705112","EAS_40","cellular organisms","99.39"
"SRR24705111","EAS_41","Viruses","0.94"
"SRR24705111","EAS_41","cellular organisms","99.06"
"SRR24705110","EAS_42","Viruses","0.73"
"SRR24705110","EAS_42","cellular organisms","99.27"
"SRR24705109","EAS_43","Viruses","0.7"
"SRR24705109","EAS_43","cellular organisms","99.3"
"SRR24705108","EAS_44","Viruses","0.62"
"SRR24705108","EAS_44","cellular organisms","99.38"
"SRR24705107","EAS_45","Viruses","0.86"
"SRR24705107","EAS_45","cellular organisms","99.14"
"SRR24705105","EAS_46","Viruses","0.72"
"SRR24705105","EAS_46","cellular organisms","99.28"
"SRR24705104","EAS_47","Viruses","0.65"
"SRR24705104","EAS_47","cellular organisms","99.35"
"SRR24705103","EAS_48","Viruses","4.04"
"SRR24705103","EAS_48","cellular organisms","95.96"
"SRR24705102","EAS_49","Viruses","1.09"
"SRR24705102","EAS_49","cellular organisms","98.91"
"SRR24705101","EAS_50","Viruses","4.02"
"SRR24705101","EAS_50","cellular organisms","95.98"
"SRR24705100","EAS_56","Viruses","1.58"
"SRR24705100","EAS_56","cellular organisms","98.42"
"SRR24705099","EAT_38","Viruses","1.03"
"SRR24705099","EAT_38","cellular organisms","98.97"
"SRR24705098","EAT_48","Viruses","1.57"
"SRR24705098","EAT_48","cellular organisms","98.43"
"SRR24705097","EAT_49","Viruses","1.69"
"SRR24705097","EAT_49","cellular organisms","98.31"
"SRR24705096","EAT_50","Viruses","1.64"
"SRR24705096","EAT_50","cellular organisms","98.36"
"SRR24705094","EAT_51","Viruses","3.18"
"SRR24705094","EAT_51","cellular organisms","96.82"
"SRR24705093","EAT_52","Viruses","2.13"
"SRR24705093","EAT_52","cellular organisms","97.87"
"SRR24705092","EAT_53","Viruses","0.81"
"SRR24705092","EAT_53","cellular organisms","99.19"
"SRR24705091","EAT_54","Viruses","0.56"
"SRR24705091","EAT_54","cellular organisms","99.44"
"SRR24705090","EAT_55","Viruses","0.56"
"SRR24705090","EAT_55","cellular organisms","99.44"
"SRR24705089","EAT_56","Viruses","0.3"
"SRR24705089","EAT_56","cellular organisms","99.7"
"SRR24705088","EAT_57","Viruses","0.28"
"SRR24705088","EAT_57","cellular organisms","99.72"
"SRR24705087","EAT_58","Viruses","0.33"
"SRR24705087","EAT_58","cellular organisms","99.67"
"SRR24705086","EAT_60","Viruses","1.62"
"SRR24705086","EAT_60","cellular organisms","98.38"
"SRR24705005","EAT_65","Viruses","0.76"
"SRR24705005","EAT_65","cellular organisms","99.24"
"SRR24705003","EAT_68","Viruses","1.45"
"SRR24705003","EAT_68","cellular organisms","98.55"
"SRR24705002","EAT_75","Viruses","0.96"
"SRR24705002","EAT_75","cellular organisms","99.04"
"SRR24705001","EAU_34","Viruses","0.69"
"SRR24705001","EAU_34","cellular organisms","99.31"
"SRR24705000","EAU_46","Viruses","0.67"
"SRR24705000","EAU_46","cellular organisms","99.33"
"SRR24704999","EAU_47","Viruses","0.57"
"SRR24704999","EAU_47","cellular organisms","99.43"
"SRR24704998","EAU_48","Viruses","0.57"
"SRR24704998","EAU_48","cellular organisms","99.43"
"SRR24704997","EAU_49","Viruses","0.57"
"SRR24704997","EAU_49","cellular organisms","99.43"
"SRR24704996","EAU_50","Viruses","0.27"
"SRR24704996","EAU_50","cellular organisms","99.73"
"SRR24704995","EAU_51","Viruses","0.28"
"SRR24704995","EAU_51","cellular organisms","99.72"
"SRR24704994","EAU_52","Viruses","0.43"
"SRR24704994","EAU_52","cellular organisms","99.57"
"SRR24704991","EAU_53","Viruses","2.05"
"SRR24704991","EAU_53","cellular organisms","97.95"
"SRR24704990","EAU_54","Viruses","1.18"
"SRR24704990","EAU_54","cellular organisms","98.82"
"SRR24704989","EAU_55","Viruses","1.04"
"SRR24704989","EAU_55","cellular organisms","98.96"
"SRR24704988","EAU_56","Viruses","0.74"
"SRR24704988","EAU_56","cellular organisms","99.26"
"SRR24704987","EAU_58","Viruses","0.48"
"SRR24704987","EAU_58","cellular organisms","99.52"
"SRR24704986","EAU_59","Viruses","0.88"
"SRR24704986","EAU_59","cellular organisms","99.12"
"SRR24704985","EAU_60","Viruses","1.14"
"SRR24704985","EAU_60","cellular organisms","98.86"
"SRR24704984","EAU_67","Viruses","0.69"
"SRR24704984","EAU_67","cellular organisms","99.31"
"SRR24704983","EAV_34","Viruses","3.63"
"SRR24704983","EAV_34","cellular organisms","96.37"
"SRR24704982","EAV_47","Viruses","1.17"
"SRR24704982","EAV_47","cellular organisms","98.83"
"SRR24704980","EAV_48","Viruses","1.39"
"SRR24704980","EAV_48","cellular organisms","98.61"
"SRR24704979","EAV_49","Viruses","1.47"
"SRR24704979","EAV_49","cellular organisms","98.53"
"SRR24704978","EAV_50","Viruses","2.22"
"SRR24704978","EAV_50","cellular organisms","97.78"
"SRR24704977","EAV_51","Viruses","2.45"
"SRR24704977","EAV_51","cellular organisms","97.55"
"SRR24704976","EAV_52","Viruses","0.74"
"SRR24704976","EAV_52","cellular organisms","99.26"
"SRR24704975","EAV_54","Viruses","0.69"
"SRR24704975","EAV_54","cellular organisms","99.31"
"SRR24704974","EAV_57","Viruses","0.61"
"SRR24704974","EAV_57","cellular organisms","99.39"
"SRR24704877","EAV_62","Viruses","2.31"
"SRR24704877","EAV_62","cellular organisms","97.69"
"SRR24704876","EAV_64","Viruses","1.92"
"SRR24704876","EAV_64","cellular organisms","98.08"
"SRR24704875","EAV_65","Viruses","15.74"
"SRR24704875","EAV_65","cellular organisms","84.26"
"SRR24704873","EAV_66","Viruses","3.71"
"SRR24704873","EAV_66","cellular organisms","96.29"
"SRR24704872","EAV_68","Viruses","1.33"
"SRR24704872","EAV_68","cellular organisms","98.67"
"SRR24704871","EAV_69","Viruses","1.42"
"SRR24704871","EAV_69","cellular organisms","98.58"
"SRR24704870","EAV_72","Viruses","2.36"
"SRR24704870","EAV_72","cellular organisms","97.64"
"SRR24704869","EAW_38","Viruses","2.43"
"SRR24704869","EAW_38","cellular organisms","97.57"
"SRR24704868","EAW_50","Viruses","2.23"
"SRR24704868","EAW_50","cellular organisms","97.77"
"SRR24704867","EAW_51","Viruses","3.53"
"SRR24704867","EAW_51","cellular organisms","96.47"
"SRR24704866","EAW_52","Viruses","1.91"
"SRR24704866","EAW_52","cellular organisms","98.09"
"SRR24704865","EAW_53","Viruses","3.04"
"SRR24704865","EAW_53","cellular organisms","96.96"
"SRR24704864","EAW_54","Viruses","1.67"
"SRR24704864","EAW_54","cellular organisms","98.33"
"SRR24704862","EAW_55","Viruses","0.55"
"SRR24704862","EAW_55","cellular organisms","99.45"
"SRR24704861","EAW_56","Viruses","0.58"
"SRR24704861","EAW_56","cellular organisms","99.42"
"SRR24704860","EAW_57","Viruses","0.63"
"SRR24704860","EAW_57","cellular organisms","99.37"
"SRR24704859","EAW_58","Viruses","0.68"
"SRR24704859","EAW_58","cellular organisms","99.32"
"SRR24704858","EAW_59","Viruses","0.89"
"SRR24704858","EAW_59","cellular organisms","99.11"
"SRR24704857","EAW_60","Viruses","1.04"
"SRR24704857","EAW_60","cellular organisms","98.96"
"SRR24704856","EAW_62","Viruses","0.57"
"SRR24704856","EAW_62","cellular organisms","99.43"
"SRR24704855","EAW_66","Viruses","3.75"
"SRR24704855","EAW_66","cellular organisms","96.25"
"SRR24704854","EAW_68","Viruses","4.26"
"SRR24704854","EAW_68","cellular organisms","95.74"
"SRR24704853","EAW_75","Viruses","5.01"
"SRR24704853","EAW_75","cellular organisms","94.99"
"SRR24704851","EAX_37","Viruses","0.77"
"SRR24704851","EAX_37","cellular organisms","99.23"
"SRR24704850","EAX_50","Viruses","0.94"
"SRR24704850","EAX_50","cellular organisms","99.06"
"SRR24704849","EAX_51","Viruses","0.64"
"SRR24704849","EAX_51","cellular organisms","99.36"
"SRR24704848","EAX_52","Viruses","0.81"
"SRR24704848","EAX_52","cellular organisms","99.19"
"SRR24704847","EAX_53","Viruses","0.6"
"SRR24704847","EAX_53","cellular organisms","99.4"
"SRR24704846","EAX_54","Viruses","0.58"
"SRR24704846","EAX_54","cellular organisms","99.42"
"SRR24705085","EAX_55","Viruses","0.36"
"SRR24705085","EAX_55","cellular organisms","99.64"
"SRR24705084","EAX_56","Viruses","0.6"
"SRR24705084","EAX_56","cellular organisms","99.4"
"SRR24705083","EAX_57","Viruses","1.16"
"SRR24705083","EAX_57","cellular organisms","98.84"
"SRR24705082","EAX_58","Viruses","3.06"
"SRR24705082","EAX_58","cellular organisms","96.94"
"SRR24705080","EAX_59","Viruses","2.67"
"SRR24705080","EAX_59","cellular organisms","97.33"
"SRR24705079","EAX_60","Viruses","2.54"
"SRR24705079","EAX_60","cellular organisms","97.46"
"SRR24705078","EAX_62","Viruses","2.08"
"SRR24705078","EAX_62","cellular organisms","97.92"
"SRR24705077","EAX_66","Viruses","0.58"
"SRR24705077","EAX_66","cellular organisms","99.42"
"SRR24705076","EAX_68","Viruses","1.63"
"SRR24705076","EAX_68","cellular organisms","98.37"
"SRR24705075","EAX_71","Viruses","0.58"
"SRR24705075","EAX_71","cellular organisms","99.42"
"SRR24705074","EAY_36","Viruses","2.02"
"SRR24705074","EAY_36","cellular organisms","97.98"
"SRR24705073","EAY_49","Viruses","2.64"
"SRR24705073","EAY_49","cellular organisms","97.36"
"SRR24705072","EAY_50","Viruses","3.04"
"SRR24705072","EAY_50","cellular organisms","96.96"
"SRR24705071","EAY_51","Viruses","2.77"
"SRR24705071","EAY_51","cellular organisms","97.23"
"SRR24705069","EAY_52","Viruses","1.29"
"SRR24705069","EAY_52","cellular organisms","98.71"
"SRR24705068","EAY_53","Viruses","0.87"
"SRR24705068","EAY_53","cellular organisms","99.13"
"SRR24705067","EAY_54","Viruses","1.02"
"SRR24705067","EAY_54","cellular organisms","98.98"
"SRR24705066","EAY_55","Viruses","1.28"
"SRR24705066","EAY_55","cellular organisms","98.72"
"SRR24705065","EAY_56","Viruses","1.14"
"SRR24705065","EAY_56","cellular organisms","98.86"
"SRR24705064","EAY_57","Viruses","0.95"
"SRR24705064","EAY_57","cellular organisms","99.05"
"SRR24705063","EAY_58","Viruses","2.02"
"SRR24705063","EAY_58","cellular organisms","97.98"
"SRR24705062","EAY_59","Viruses","1.65"
"SRR24705062","EAY_59","cellular organisms","98.35"
"SRR24705061","EAY_61","Viruses","1.58"
"SRR24705061","EAY_61","cellular organisms","98.42"
"SRR24705060","EAY_65","Viruses","2.1"
"SRR24705060","EAY_65","cellular organisms","97.9"
"SRR24705058","EAY_67","Viruses","1.32"
"SRR24705058","EAY_67","cellular organisms","98.68"
"SRR24705057","EAY_74","Viruses","1.85"
"SRR24705057","EAY_74","cellular organisms","98.15"
"SRR24705056","EAZ_33","Viruses","1.28"
"SRR24705056","EAZ_33","cellular organisms","98.72"
"SRR24705055","EAZ_45","Viruses","1.81"
"SRR24705055","EAZ_45","cellular organisms","98.19"
"SRR24705054","EAZ_46","Viruses","1.84"
"SRR24705054","EAZ_46","cellular organisms","98.16"
"SRR24704845","EAZ_47","Viruses","1.46"
"SRR24704845","EAZ_47","cellular organisms","98.54"
"SRR24704844","EAZ_48","Viruses","1.46"
"SRR24704844","EAZ_48","cellular organisms","98.54"
"SRR24704843","EAZ_49","Viruses","1.88"
"SRR24704843","EAZ_49","cellular organisms","98.12"
"SRR24704842","EAZ_50","Viruses","2.09"
"SRR24704842","EAZ_50","cellular organisms","97.91"
"SRR24704841","EAZ_51","Viruses","0.55"
"SRR24704841","EAZ_51","cellular organisms","99.45"
"SRR24704839","EAZ_52","Viruses","0.45"
"SRR24704839","EAZ_52","cellular organisms","99.55"
"SRR24704838","EAZ_53","Viruses","0.33"
"SRR24704838","EAZ_53","cellular organisms","99.67"
"SRR24704837","EAZ_54","Viruses","0.32"
"SRR24704837","EAZ_54","cellular organisms","99.68"
"SRR24704836","EAZ_55","Viruses","0.33"
"SRR24704836","EAZ_55","cellular organisms","99.67"
"SRR24704835","EAZ_56","Viruses","0.59"
"SRR24704835","EAZ_56","cellular organisms","99.41"
"SRR24704834","EAZ_58","Viruses","0.79"
"SRR24704834","EAZ_58","cellular organisms","99.21"
"SRR24704833","EAZ_59","Viruses","0.7"
"SRR24704833","EAZ_59","cellular organisms","99.3"
"SRR24704832","EAZ_66","Viruses","1.45"
"SRR24704832","EAZ_66","cellular organisms","98.55"
"SRR24704831","EBC_35","Viruses","1.96"
"SRR24704831","EBC_35","cellular organisms","98.04"
"SRR24704830","EBC_48","Viruses","2.26"
"SRR24704830","EBC_48","cellular organisms","97.74"
"SRR24704828","EBC_49","Viruses","2.03"
"SRR24704828","EBC_49","cellular organisms","97.97"
"SRR24704827","EBC_50","Viruses","2.13"
"SRR24704827","EBC_50","cellular organisms","97.87"
"SRR24704826","EBC_51","Viruses","2.87"
"SRR24704826","EBC_51","cellular organisms","97.13"
"SRR24704825","EBC_52","Viruses","2.69"
"SRR24704825","EBC_52","cellular organisms","97.31"
"SRR24704824","EBC_53","Viruses","5.2"
"SRR24704824","EBC_53","cellular organisms","94.8"
"SRR24704823","EBC_54","Viruses","3.37"
"SRR24704823","EBC_54","cellular organisms","96.63"
"SRR24704822","EBC_55","Viruses","0.82"
"SRR24704822","EBC_55","cellular organisms","99.18"
"SRR24704821","EBC_56","Viruses","0.68"
"SRR24704821","EBC_56","cellular organisms","99.32"
"SRR24704820","EBC_57","Viruses","1.22"
"SRR24704820","EBC_57","cellular organisms","98.78"
"SRR24704819","EBC_58","Viruses","1.05"
"SRR24704819","EBC_58","cellular organisms","98.95"
"SRR24704816","EBC_60","Viruses","1.65"
"SRR24704816","EBC_60","cellular organisms","98.35"
"SRR24704815","EBC_64","Viruses","1.5"
"SRR24704815","EBC_64","cellular organisms","98.5"
"SRR24704814","EBC_65","Viruses","1.24"
"SRR24704814","EBC_65","cellular organisms","98.76"
"SRR24704813","EBC_72","Viruses","2.85"
"SRR24704813","EBC_72","cellular organisms","97.15"
"SRR24704812","EBD_36","Viruses","1.28"
"SRR24704812","EBD_36","cellular organisms","98.72"
"SRR24704811","EBD_48","Viruses","1.8"
"SRR24704811","EBD_48","cellular organisms","98.2"
"SRR24704810","EBD_49","Viruses","1.02"
"SRR24704810","EBD_49","cellular organisms","98.98"
"SRR24704809","EBD_50","Viruses","1.36"
"SRR24704809","EBD_50","cellular organisms","98.64"
"SRR24704808","EBD_51","Viruses","1.14"
"SRR24704808","EBD_51","cellular organisms","98.86"
"SRR24704807","EBD_52","Viruses","0.14"
"SRR24704807","EBD_52","cellular organisms","99.86"
"SRR24704805","EBD_53","Viruses","0.16"
"SRR24704805","EBD_53","cellular organisms","99.84"
"SRR24704804","EBD_54","Viruses","0.23"
"SRR24704804","EBD_54","cellular organisms","99.77"
"SRR24704803","EBD_55","Viruses","0.48"
"SRR24704803","EBD_55","cellular organisms","99.52"
"SRR24704802","EBD_56","Viruses","0.79"
"SRR24704802","EBD_56","cellular organisms","99.21"
"SRR24704801","EBD_57","Viruses","1.77"
"SRR24704801","EBD_57","cellular organisms","98.23"
"SRR24704800","EBD_59","Viruses","1.0"
"SRR24704800","EBD_59","cellular organisms","99.0"
"SRR24704799","EBD_60","Viruses","0.92"
"SRR24704799","EBD_60","cellular organisms","99.08"
"SRR24704798","EBD_64","Viruses","3.6"
"SRR24704798","EBD_64","cellular organisms","96.4"
"SRR24704797","EBD_66","Viruses","2.17"
"SRR24704797","EBD_66","cellular organisms","97.83"
"SRR24704796","EBD_73","Viruses","1.34"
"SRR24704796","EBD_73","cellular organisms","98.66"
"SRR24704794","EBE_37","Viruses","2.5"
"SRR24704794","EBE_37","cellular organisms","97.5"
"SRR24704793","EBE_48","Viruses","2.2"
"SRR24704793","EBE_48","cellular organisms","97.8"
"SRR24704792","EBE_49","Viruses","2.69"
"SRR24704792","EBE_49","cellular organisms","97.31"
"SRR24704791","EBE_50","Viruses","3.15"
"SRR24704791","EBE_50","cellular organisms","96.85"
"SRR24704790","EBE_51","Viruses","2.24"
"SRR24704790","EBE_51","cellular organisms","97.76"
"SRR24704789","EBE_52","Viruses","2.35"
"SRR24704789","EBE_52","cellular organisms","97.65"
"SRR24704788","EBE_53","Viruses","2.49"
"SRR24704788","EBE_53","cellular organisms","97.51"
"SRR24704787","EBE_54","Viruses","1.97"
"SRR24704787","EBE_54","cellular organisms","98.03"
"SRR24704786","EBE_55","Viruses","1.6"
"SRR24704786","EBE_55","cellular organisms","98.4"
"SRR24704785","EBE_56","Viruses","0.84"
"SRR24704785","EBE_56","cellular organisms","99.16"
"SRR24704783","EBE_57","Viruses","0.72"
"SRR24704783","EBE_57","cellular organisms","99.28"
"SRR24704782","EBE_58","Viruses","1.31"
"SRR24704782","EBE_58","cellular organisms","98.69"
"SRR24705053","EBE_60","Viruses","1.09"
"SRR24705053","EBE_60","cellular organisms","98.91"
"SRR24705052","EBE_64","Viruses","1.07"
"SRR24705052","EBE_64","cellular organisms","98.93"
"SRR24705051","EBE_66","Viruses","1.48"
"SRR24705051","EBE_66","cellular organisms","98.52"
"SRR24705050","EBE_73","Viruses","2.08"
"SRR24705050","EBE_73","cellular organisms","97.92"
"SRR24705049","EBF_41","Viruses","1.4"
"SRR24705049","EBF_41","cellular organisms","98.6"
"SRR24705048","EBF_53","Viruses","0.83"
"SRR24705048","EBF_53","cellular organisms","99.17"
"SRR24705047","EBF_54","Viruses","8.02"
"SRR24705047","EBF_54","cellular organisms","91.98"
"SRR24705046","EBF_55","Viruses","5.59"
"SRR24705046","EBF_55","cellular organisms","94.41"
"SRR24705044","EBF_56","Viruses","1.55"
"SRR24705044","EBF_56","cellular organisms","98.45"
"SRR24705043","EBF_57","Viruses","0.39"
"SRR24705043","EBF_57","cellular organisms","99.61"
"SRR24705042","EBF_58","Viruses","0.22"
"SRR24705042","EBF_58","cellular organisms","99.78"
"SRR24705041","EBF_59","Viruses","0.45"
"SRR24705041","EBF_59","cellular organisms","99.55"
"SRR24705040","EBF_60","Viruses","1.28"
"SRR24705040","EBF_60","cellular organisms","98.72"
"SRR24705039","EBF_61","Viruses","1.23"
"SRR24705039","EBF_61","cellular organisms","98.77"
"SRR24705038","EBF_62","Viruses","0.81"
"SRR24705038","EBF_62","cellular organisms","99.19"
"SRR24705037","EBF_63","Viruses","1.17"
"SRR24705037","EBF_63","cellular organisms","98.83"
"SRR24705036","EBF_65","Viruses","0.69"
"SRR24705036","EBF_65","cellular organisms","99.31"
"SRR24705035","EBF_69","Viruses","1.05"
"SRR24705035","EBF_69","cellular organisms","98.95"
"SRR24705033","EBF_71","Viruses","3.68"
"SRR24705033","EBF_71","cellular organisms","96.32"
"SRR24705032","EBF_78","Viruses","2.53"
"SRR24705032","EBF_78","cellular organisms","97.47"
"SRR24705031","EBG_41","Viruses","1.22"
"SRR24705031","EBG_41","cellular organisms","98.78"
"SRR24705030","EBG_53","Viruses","1.65"
"SRR24705030","EBG_53","cellular organisms","98.35"
"SRR24705029","EBG_54","Viruses","1.32"
"SRR24705029","EBG_54","cellular organisms","98.68"
"SRR24705028","EBG_55","Viruses","1.55"
"SRR24705028","EBG_55","cellular organisms","98.45"
"SRR24705027","EBG_56","Viruses","1.45"
"SRR24705027","EBG_56","cellular organisms","98.55"
"SRR24705026","EBG_57","Viruses","1.21"
"SRR24705026","EBG_57","cellular organisms","98.79"
"SRR24705025","EBG_58","Viruses","0.52"
"SRR24705025","EBG_58","cellular organisms","99.48"
"SRR24705024","EBG_59","Viruses","0.49"
"SRR24705024","EBG_59","cellular organisms","99.51"
"SRR24705022","EBG_60","Viruses","0.62"
"SRR24705022","EBG_60","cellular organisms","99.38"
"SRR24705533","EBG_61","Viruses","0.67"
"SRR24705533","EBG_61","cellular organisms","99.33"
"SRR24705532","EBG_62","Viruses","0.81"
"SRR24705532","EBG_62","cellular organisms","99.19"
"SRR24705531","EBG_63","Viruses","0.84"
"SRR24705531","EBG_63","cellular organisms","99.16"
"SRR24705530","EBG_65","Viruses","0.72"
"SRR24705530","EBG_65","cellular organisms","99.28"
"SRR24705529","EBG_69","Viruses","1.01"
"SRR24705529","EBG_69","cellular organisms","98.99"
"SRR24705528","EBG_71","Viruses","0.9"
"SRR24705528","EBG_71","cellular organisms","99.1"
"SRR24705527","EBG_78","Viruses","1.46"
"SRR24705527","EBG_78","cellular organisms","98.54"
"SRR24705526","EBI_33","Viruses","3.57"
"SRR24705526","EBI_33","cellular organisms","96.43"
"SRR24705525","EBI_46","Viruses","3.39"
"SRR24705525","EBI_46","cellular organisms","96.61"
"SRR24705523","EBI_47","Viruses","5.26"
"SRR24705523","EBI_47","cellular organisms","94.74"
"SRR24705522","EBI_48","Viruses","7.06"
"SRR24705522","EBI_48","cellular organisms","92.94"
"SRR24705521","EBI_49","Viruses","4.91"
"SRR24705521","EBI_49","cellular organisms","95.09"
"SRR24705520","EBI_50","Viruses","3.98"
"SRR24705520","EBI_50","cellular organisms","96.02"
"SRR24705519","EBI_51","Viruses","5.85"
"SRR24705519","EBI_51","cellular organisms","94.15"
"SRR24705518","EBI_52","Viruses","3.12"
"SRR24705518","EBI_52","cellular organisms","96.88"
"SRR24705517","EBI_53","Viruses","2.12"
"SRR24705517","EBI_53","cellular organisms","97.88"
"SRR24705516","EBI_54","Viruses","1.93"
"SRR24705516","EBI_54","cellular organisms","98.07"
"SRR24705515","EBI_55","Viruses","1.09"
"SRR24705515","EBI_55","cellular organisms","98.91"
"SRR24705514","EBI_56","Viruses","1.06"
"SRR24705514","EBI_56","cellular organisms","98.94"
"SRR24705512","EBI_58","Viruses","4.87"
"SRR24705512","EBI_58","cellular organisms","95.13"
"SRR24705511","EBI_62","Viruses","1.51"
"SRR24705511","EBI_62","cellular organisms","98.49"
"SRR24705510","EBI_64","Viruses","2.04"
"SRR24705510","EBI_64","cellular organisms","97.96"
"SRR24705509","EBI_71","Viruses","3.25"
"SRR24705509","EBI_71","cellular organisms","96.75"
"SRR24705508","EBL_31","Viruses","3.18"
"SRR24705508","EBL_31","cellular organisms","96.82"
"SRR24705507","EBL_45","Viruses","1.91"
"SRR24705507","EBL_45","cellular organisms","98.09"
"SRR24705506","EBL_46","Viruses","2.31"
"SRR24705506","EBL_46","cellular organisms","97.69"
"SRR24705505","EBL_47","Viruses","3.03"
"SRR24705505","EBL_47","cellular organisms","96.97"
"SRR24705504","EBL_48","Viruses","1.99"
"SRR24705504","EBL_48","cellular organisms","98.01"
"SRR24705503","EBL_49","Viruses","1.85"
"SRR24705503","EBL_49","cellular organisms","98.15"
"SRR24704973","EBL_50","Viruses","0.32"
"SRR24704973","EBL_50","cellular organisms","99.68"
"SRR24704972","EBL_51","Viruses","0.25"
"SRR24704972","EBL_51","cellular organisms","99.75"
"SRR24704971","EBL_52","Viruses","0.25"
"SRR24704971","EBL_52","cellular organisms","99.75"
"SRR24704970","EBL_53","Viruses","0.29"
"SRR24704970","EBL_53","cellular organisms","99.71"
"SRR24704969","EBL_54","Viruses","0.5"
"SRR24704969","EBL_54","cellular organisms","99.5"
"SRR24704968","EBL_55","Viruses","0.52"
"SRR24704968","EBL_55","cellular organisms","99.48"
"SRR24704967","EBL_57","Viruses","1.09"
"SRR24704967","EBL_57","cellular organisms","98.91"
"SRR24704966","EBL_61","Viruses","2.34"
"SRR24704966","EBL_61","cellular organisms","97.66"
"SRR24704965","EBL_63","Viruses","1.97"
"SRR24704965","EBL_63","cellular organisms","98.03"
"SRR24704964","EBL_70","Viruses","1.82"
"SRR24704964","EBL_70","cellular organisms","98.18"
"SRR24704961","EBN_34","Viruses","2.01"
"SRR24704961","EBN_34","cellular organisms","97.99"
"SRR24704960","EBN_46","Viruses","1.78"
"SRR24704960","EBN_46","cellular organisms","98.22"
"SRR24704959","EBN_47","Viruses","2.58"
"SRR24704959","EBN_47","cellular organisms","97.42"
"SRR24704958","EBN_48","Viruses","1.11"
"SRR24704958","EBN_48","cellular organisms","98.89"
"SRR24704957","EBN_49","Viruses","3.41"
"SRR24704957","EBN_49","cellular organisms","96.59"
"SRR24704956","EBN_50","Viruses","0.96"
"SRR24704956","EBN_50","cellular organisms","99.04"
"SRR24704955","EBN_51","Viruses","1.1"
"SRR24704955","EBN_51","cellular organisms","98.9"
"SRR24704954","EBN_52","Viruses","1.14"
"SRR24704954","EBN_52","cellular organisms","98.86"
"SRR24704953","EBN_53","Viruses","2.15"
"SRR24704953","EBN_53","cellular organisms","97.85"
"SRR24704952","EBN_54","Viruses","0.88"
"SRR24704952","EBN_54","cellular organisms","99.12"
"SRR24704950","EBN_55","Viruses","0.82"
"SRR24704950","EBN_55","cellular organisms","99.18"
"SRR24704949","EBN_56","Viruses","0.41"
"SRR24704949","EBN_56","cellular organisms","99.59"
"SRR24704948","EBN_58","Viruses","0.46"
"SRR24704948","EBN_58","cellular organisms","99.54"
"SRR24704947","EBN_63","Viruses","1.17"
"SRR24704947","EBN_63","cellular organisms","98.83"
"SRR24704946","EBN_65","Viruses","1.3"
"SRR24704946","EBN_65","cellular organisms","98.7"
"SRR24704945","EBN_72","Viruses","1.26"
"SRR24704945","EBN_72","cellular organisms","98.74"
"SRR24704944","EBO_34","Viruses","3.0"
"SRR24704944","EBO_34","cellular organisms","97.0"
"SRR24704943","EBO_48","Viruses","1.77"
"SRR24704943","EBO_48","cellular organisms","98.23"
"SRR24704942","EBO_49","Viruses","1.79"
"SRR24704942","EBO_49","cellular organisms","98.21"
"SRR24704778","EBO_52","Viruses","2.15"
"SRR24704778","EBO_52","cellular organisms","97.85"
"SRR24704777","EBO_53","Viruses","2.12"
"SRR24704777","EBO_53","cellular organisms","97.88"
"SRR24704776","EBO_54","Viruses","2.01"
"SRR24704776","EBO_54","cellular organisms","97.99"
"SRR24704779","EBO_55","Viruses","1.56"
"SRR24704779","EBO_55","cellular organisms","98.44"
"SRR24704774","EBO_56","Viruses","1.97"
"SRR24704774","EBO_56","cellular organisms","98.03"
"SRR24704773","EBO_57","Viruses","1.97"
"SRR24704773","EBO_57","cellular organisms","98.03"
"SRR24704772","EBO_58","Viruses","2.11"
"SRR24704772","EBO_58","cellular organisms","97.89"
"SRR24704771","EBO_60","Viruses","2.16"
"SRR24704771","EBO_60","cellular organisms","97.84"
"SRR24704770","EBO_63","Viruses","2.23"
"SRR24704770","EBO_63","cellular organisms","97.77"
"SRR24704768","EBO_64","Viruses","2.5"
"SRR24704768","EBO_64","cellular organisms","97.5"
"SRR24704767","EBO_71","Viruses","2.15"
"SRR24704767","EBO_71","cellular organisms","97.85"
"SRR24704775","EBO_75","Viruses","1.93"
"SRR24704775","EBO_75","cellular organisms","98.07"
"SRR24704781","EBO_76","Viruses","2.0"
"SRR24704781","EBO_76","cellular organisms","98.0"
"SRR24704766","EBP_33","Viruses","2.68"
"SRR24704766","EBP_33","cellular organisms","97.32"
"SRR24704765","EBP_46","Viruses","2.62"
"SRR24704765","EBP_46","cellular organisms","97.38"
"SRR24704764","EBP_47","Viruses","2.36"
"SRR24704764","EBP_47","cellular organisms","97.64"
"SRR24704763","EBP_48","Viruses","2.74"
"SRR24704763","EBP_48","cellular organisms","97.26"
"SRR24704762","EBP_50","Viruses","2.99"
"SRR24704762","EBP_50","cellular organisms","97.01"
"SRR24704761","EBP_51","Viruses","10.94"
"SRR24704761","EBP_51","cellular organisms","89.06"
"SRR24704760","EBP_52","Viruses","19.04"
"SRR24704760","EBP_52","cellular organisms","80.96"
"SRR24704759","EBP_53","Viruses","11.31"
"SRR24704759","EBP_53","cellular organisms","88.69"
"SRR24704757","EBP_54","Viruses","8.99"
"SRR24704757","EBP_54","cellular organisms","91.01"
"SRR24704756","EBP_55","Viruses","2.49"
"SRR24704756","EBP_55","cellular organisms","97.51"
"SRR24704755","EBP_56","Viruses","3.28"
"SRR24704755","EBP_56","cellular organisms","96.72"
"SRR24704754","EBP_58","Viruses","2.13"
"SRR24704754","EBP_58","cellular organisms","97.87"
"SRR24704753","EBP_59","Viruses","2.04"
"SRR24704753","EBP_59","cellular organisms","97.96"
"SRR24704752","EBP_62","Viruses","2.89"
"SRR24704752","EBP_62","cellular organisms","97.11"
"SRR24704751","EBP_64","Viruses","2.62"
"SRR24704751","EBP_64","cellular organisms","97.38"
"SRR24704750","EBP_71","Viruses","2.72"
"SRR24704750","EBP_71","cellular organisms","97.28"
"SRR24704749","EBQ_36","Viruses","1.5"
"SRR24704749","EBQ_36","cellular organisms","98.5"
"SRR24704748","EBQ_49","Viruses","1.1"
"SRR24704748","EBQ_49","cellular organisms","98.9"
"SRR24704746","EBQ_50","Viruses","1.01"
"SRR24704746","EBQ_50","cellular organisms","98.99"
"SRR24704745","EBQ_51","Viruses","1.12"
"SRR24704745","EBQ_51","cellular organisms","98.88"
"SRR24704744","EBQ_52","Viruses","1.15"
"SRR24704744","EBQ_52","cellular organisms","98.85"
"SRR24704743","EBQ_53","Viruses","1.68"
"SRR24704743","EBQ_53","cellular organisms","98.32"
"SRR24704742","EBQ_54","Viruses","1.04"
"SRR24704742","EBQ_54","cellular organisms","98.96"
"SRR24704741","EBQ_55","Viruses","0.88"
"SRR24704741","EBQ_55","cellular organisms","99.12"
"SRR24704740","EBQ_56","Viruses","0.77"
"SRR24704740","EBQ_56","cellular organisms","99.23"
"SRR24704739","EBQ_57","Viruses","0.53"
"SRR24704739","EBQ_57","cellular organisms","99.47"
"SRR24704738","EBQ_58","Viruses","0.69"
"SRR24704738","EBQ_58","cellular organisms","99.31"
"SRR24704737","EBQ_59","Viruses","0.65"
"SRR24704737","EBQ_59","cellular organisms","99.35"
"SRR24704735","EBQ_61","Viruses","0.92"
"SRR24704735","EBQ_61","cellular organisms","99.08"
"SRR24704734","EBQ_64","Viruses","0.85"
"SRR24704734","EBQ_64","cellular organisms","99.15"
"SRR24704733","EBQ_66","Viruses","1.02"
"SRR24704733","EBQ_66","cellular organisms","98.98"
"SRR24704732","EBQ_73","Viruses","0.98"
"SRR24704732","EBQ_73","cellular organisms","99.02"
"SRR24704731","EBR_33","Viruses","2.84"
"SRR24704731","EBR_33","cellular organisms","97.16"
"SRR24704730","EBR_46","Viruses","3.88"
"SRR24704730","EBR_46","cellular organisms","96.12"
"SRR24704729","EBR_47","Viruses","2.88"
"SRR24704729","EBR_47","cellular organisms","97.12"
"SRR24704728","EBR_48","Viruses","3.02"
"SRR24704728","EBR_48","cellular organisms","96.98"
"SRR24704727","EBR_49","Viruses","4.84"
"SRR24704727","EBR_49","cellular organisms","95.16"
"SRR24704726","EBR_51","Viruses","3.26"
"SRR24704726","EBR_51","cellular organisms","96.74"
"SRR24704724","EBR_52","Viruses","4.29"
"SRR24704724","EBR_52","cellular organisms","95.71"
"SRR24704723","EBR_53","Viruses","3.05"
"SRR24704723","EBR_53","cellular organisms","96.95"
"SRR24704722","EBR_54","Viruses","0.83"
"SRR24704722","EBR_54","cellular organisms","99.17"
"SRR24704721","EBR_55","Viruses","0.74"
"SRR24704721","EBR_55","cellular organisms","99.26"
"SRR24704720","EBR_56","Viruses","0.81"
"SRR24704720","EBR_56","cellular organisms","99.19"
"SRR24704719","EBR_58","Viruses","0.7"
"SRR24704719","EBR_58","cellular organisms","99.3"
"SRR24704718","EBR_59","Viruses","1.6"
"SRR24704718","EBR_59","cellular organisms","98.4"
"SRR24705021","EBR_62","Viruses","2.1"
"SRR24705021","EBR_62","cellular organisms","97.9"
"SRR24705020","EBR_64","Viruses","2.04"
"SRR24705020","EBR_64","cellular organisms","97.96"
"SRR24705019","EBR_71","Viruses","1.97"
"SRR24705019","EBR_71","cellular organisms","98.03"
"SRR24705017","EBT_33","Viruses","3.86"
"SRR24705017","EBT_33","cellular organisms","96.14"
"SRR24705016","EBT_46","Viruses","2.1"
"SRR24705016","EBT_46","cellular organisms","97.9"
"SRR24705015","EBT_47","Viruses","1.83"
"SRR24705015","EBT_47","cellular organisms","98.17"
"SRR24705014","EBT_48","Viruses","1.72"
"SRR24705014","EBT_48","cellular organisms","98.28"
"SRR24705013","EBT_49","Viruses","2.36"
"SRR24705013","EBT_49","cellular organisms","97.64"
"SRR24705012","EBT_50","Viruses","1.09"
"SRR24705012","EBT_50","cellular organisms","98.91"
"SRR24705011","EBT_51","Viruses","0.52"
"SRR24705011","EBT_51","cellular organisms","99.48"
"SRR24705010","EBT_52","Viruses","0.58"
"SRR24705010","EBT_52","cellular organisms","99.42"
"SRR24705009","EBT_53","Viruses","1.33"
"SRR24705009","EBT_53","cellular organisms","98.67"
"SRR24705008","EBT_54","Viruses","4.61"
"SRR24705008","EBT_54","cellular organisms","95.39"
"SRR24705006","EBT_55","Viruses","2.13"
"SRR24705006","EBT_55","cellular organisms","97.87"
"SRR24705677","EBT_56","Viruses","2.05"
"SRR24705677","EBT_56","cellular organisms","97.95"
"SRR24705676","EBT_58","Viruses","2.15"
"SRR24705676","EBT_58","cellular organisms","97.85"
"SRR24705675","EBT_62","Viruses","4.56"
"SRR24705675","EBT_62","cellular organisms","95.44"
"SRR24705674","EBT_64","Viruses","2.93"
"SRR24705674","EBT_64","cellular organisms","97.07"
"SRR24705673","EBT_71","Viruses","2.26"
"SRR24705673","EBT_71","cellular organisms","97.74"
"SRR24705672","EBU_33","Viruses","1.29"
"SRR24705672","EBU_33","cellular organisms","98.71"
"SRR24705671","EBU_46","Viruses","2.5"
"SRR24705671","EBU_46","cellular organisms","97.5"
"SRR24705670","EBU_47","Viruses","2.07"
"SRR24705670","EBU_47","cellular organisms","97.93"
"SRR24705669","EBU_48","Viruses","2.4"
"SRR24705669","EBU_48","cellular organisms","97.6"
"SRR24705666","EBU_49","Viruses","2.54"
"SRR24705666","EBU_49","cellular organisms","97.46"
"SRR24705665","EBU_50","Viruses","3.62"
"SRR24705665","EBU_50","cellular organisms","96.38"
"SRR24705664","EBU_51","Viruses","4.93"
"SRR24705664","EBU_51","cellular organisms","95.07"
"SRR24705663","EBU_52","Viruses","2.93"
"SRR24705663","EBU_52","cellular organisms","97.07"
"SRR24705662","EBU_53","Viruses","2.97"
"SRR24705662","EBU_53","cellular organisms","97.03"
"SRR24705501","EBU_54","Viruses","1.27"
"SRR24705501","EBU_54","cellular organisms","98.73"
"SRR24705500","EBU_55","Viruses","1.51"
"SRR24705500","EBU_55","cellular organisms","98.49"
"SRR24705499","EBU_56","Viruses","1.06"
"SRR24705499","EBU_56","cellular organisms","98.94"
"SRR24705498","EBU_58","Viruses","1.41"
"SRR24705498","EBU_58","cellular organisms","98.59"
"SRR24705497","EBU_61","Viruses","1.42"
"SRR24705497","EBU_61","cellular organisms","98.58"
"SRR24705495","EBU_64","Viruses","1.06"
"SRR24705495","EBU_64","cellular organisms","98.94"
"SRR24705494","EBU_71","Viruses","1.7"
"SRR24705494","EBU_71","cellular organisms","98.3"
"SRR24705493","EBW_60","Viruses","1.02"
"SRR24705493","EBW_60","cellular organisms","98.98"
"SRR24705492","EBW_73","Viruses","0.81"
"SRR24705492","EBW_73","cellular organisms","99.19"
"SRR24705491","EBW_74","Viruses","0.72"
"SRR24705491","EBW_74","cellular organisms","99.28"
"SRR24705490","EBW_75","Viruses","0.95"
"SRR24705490","EBW_75","cellular organisms","99.05"
"SRR24705489","EBW_76","Viruses","1.08"
"SRR24705489","EBW_76","cellular organisms","98.92"
"SRR24705488","EBW_77","Viruses","0.84"
"SRR24705488","EBW_77","cellular organisms","99.16"
"SRR24705487","EBW_78","Viruses","3.17"
"SRR24705487","EBW_78","cellular organisms","96.83"
"SRR24705486","EBW_79","Viruses","5.46"
"SRR24705486","EBW_79","cellular organisms","94.54"
"SRR24705484","EBW_80","Viruses","4.85"
"SRR24705484","EBW_80","cellular organisms","95.15"
"SRR24705483","EBW_81","Viruses","8.76"
"SRR24705483","EBW_81","cellular organisms","91.24"
"SRR24705482","EBW_82","Viruses","1.72"
"SRR24705482","EBW_82","cellular organisms","98.28"
"SRR24705481","EBW_83","Viruses","0.68"
"SRR24705481","EBW_83","cellular organisms","99.32"
"SRR24705480","EBW_85","Viruses","0.48"
"SRR24705480","EBW_85","cellular organisms","99.52"
"SRR24705479","EBW_88","Viruses","0.76"
"SRR24705479","EBW_88","cellular organisms","99.24"
"SRR24705478","EBW_90","Viruses","0.99"
"SRR24705478","EBW_90","cellular organisms","99.01"
"SRR24705477","EBW_97","Viruses","3.04"
"SRR24705477","EBW_97","cellular organisms","96.96"
"SRR24705476","EBX_30","Viruses","0.98"
"SRR24705476","EBX_30","cellular organisms","99.02"
"SRR24705475","EBX_47","Viruses","1.59"
"SRR24705475","EBX_47","cellular organisms","98.41"
"SRR24705473","EBX_48","Viruses","2.31"
"SRR24705473","EBX_48","cellular organisms","97.69"
"SRR24705472","EBX_49","Viruses","1.45"
"SRR24705472","EBX_49","cellular organisms","98.55"
"SRR24705471","EBX_50","Viruses","2.23"
"SRR24705471","EBX_50","cellular organisms","97.77"
"SRR24705470","EBX_51","Viruses","2.56"
"SRR24705470","EBX_51","cellular organisms","97.44"
"SRR24705661","EBX_52","Viruses","2.77"
"SRR24705661","EBX_52","cellular organisms","97.23"
"SRR24705660","EBX_53","Viruses","1.91"
"SRR24705660","EBX_53","cellular organisms","98.09"
"SRR24705659","EBX_54","Viruses","9.21"
"SRR24705659","EBX_54","cellular organisms","90.79"
"SRR24705658","EBX_55","Viruses","20.97"
"SRR24705658","EBX_55","cellular organisms","79.03"
"SRR24705657","EBX_56","Viruses","9.38"
"SRR24705657","EBX_56","cellular organisms","90.62"
"SRR24705656","EBX_57","Viruses","4.93"
"SRR24705656","EBX_57","cellular organisms","95.07"
"SRR24705654","EBX_59","Viruses","4.61"
"SRR24705654","EBX_59","cellular organisms","95.39"
"SRR24705653","EBX_63","Viruses","1.88"
"SRR24705653","EBX_63","cellular organisms","98.12"
"SRR24705652","EBX_64","Viruses","2.36"
"SRR24705652","EBX_64","cellular organisms","97.64"
"SRR24705651","EBX_70","Viruses","2.51"
"SRR24705651","EBX_70","cellular organisms","97.49"
"SRR24705650","EBZ_33","Viruses","1.87"
"SRR24705650","EBZ_33","cellular organisms","98.13"
"SRR24705649","EBZ_46","Viruses","1.43"
"SRR24705649","EBZ_46","cellular organisms","98.57"
"SRR24705648","EBZ_47","Viruses","2.07"
"SRR24705648","EBZ_47","cellular organisms","97.93"
"SRR24705647","EBZ_48","Viruses","2.28"
"SRR24705647","EBZ_48","cellular organisms","97.72"
"SRR24705646","EBZ_49","Viruses","2.19"
"SRR24705646","EBZ_49","cellular organisms","97.81"
"SRR24705645","EBZ_50","Viruses","2.09"
"SRR24705645","EBZ_50","cellular organisms","97.91"
"SRR24705643","EBZ_51","Viruses","2.02"
"SRR24705643","EBZ_51","cellular organisms","97.98"
"SRR24705642","EBZ_52","Viruses","2.57"
"SRR24705642","EBZ_52","cellular organisms","97.43"
"SRR24705641","EBZ_53","Viruses","2.49"
"SRR24705641","EBZ_53","cellular organisms","97.51"
"SRR24705640","EBZ_54","Viruses","1.66"
"SRR24705640","EBZ_54","cellular organisms","98.34"
"SRR24705639","EBZ_55","Viruses","1.54"
"SRR24705639","EBZ_55","cellular organisms","98.46"
"SRR24705638","EBZ_56","Viruses","1.48"
"SRR24705638","EBZ_56","cellular organisms","98.52"
"SRR24705637","EBZ_58","Viruses","1.82"
"SRR24705637","EBZ_58","cellular organisms","98.18"
"SRR24705636","EBZ_62","Viruses","2.06"
"SRR24705636","EBZ_62","cellular organisms","97.94"
"SRR24705635","EBZ_64","Viruses","1.7"
"SRR24705635","EBZ_64","cellular organisms","98.3"
"SRR24705634","EBZ_71","Viruses","1.79"
"SRR24705634","EBZ_71","cellular organisms","98.21"
